p_inf_val,num_tests_val,i,cnt,tp,tn,fp,fn,tkn_max,tkn_mean,tkn_std
0.0001,10,0,1,0,693,0,0,1,1,0.0
0.0001,10,1,1,0,693,0,0,1,1,0.0
0.0001,10,2,1,0,693,0,0,1,1,0.0
0.0001,10,3,1,0,693,0,0,1,1,0.0
0.0001,10,4,1,0,693,0,0,1,1,0.0
0.0001,10,5,1,0,693,0,0,1,1,0.0
0.0001,10,6,1,0,693,0,0,1,1,0.0
0.0001,10,7,1,0,693,0,0,1,1,0.0
0.0001,10,8,1,0,693,0,0,1,1,0.0
0.0001,10,9,1,0,693,0,0,1,1,0.0
0.0001,35,0,1,0,693,0,0,1,1,0.0
0.0001,35,1,1,0,693,0,0,1,1,0.0
0.0001,35,2,1,0,693,0,0,1,1,0.0
0.0001,35,3,1,0,693,0,0,1,1,0.0
0.0001,35,4,10,1,692,0,0,1,1,0.0
0.0001,35,5,1,0,693,0,0,1,1,0.0
0.0001,35,6,1,0,693,0,0,1,1,0.0
0.0001,35,7,1,0,693,0,0,1,1,0.0
0.0001,35,8,1,0,693,0,0,1,1,0.0
0.0001,35,9,1,0,693,0,0,1,1,0.0
0.0001,35,10,1,0,693,0,0,1,1,0.0
0.0001,35,11,1,0,693,0,0,1,1,0.0
0.0001,35,12,1,0,693,0,0,1,1,0.0
0.0001,35,13,1,0,693,0,0,1,1,0.0
0.0001,35,14,1,0,693,0,0,1,1,0.0
0.0001,35,15,1,0,693,0,0,1,1,0.0
0.0001,35,16,1,0,693,0,0,1,1,0.0
0.0001,35,17,1,0,693,0,0,1,1,0.0
0.0001,35,18,1,0,693,0,0,1,1,0.0
0.0001,35,19,1,0,693,0,0,1,1,0.0
0.0001,35,20,1,0,693,0,0,1,1,0.0
0.0001,35,21,1,0,693,0,0,1,1,0.0
0.0001,35,22,1,0,693,0,0,1,1,0.0
0.0001,35,23,1,0,693,0,0,1,1,0.0
0.0001,35,24,1,0,693,0,0,1,1,0.0
0.0001,35,25,1,0,693,0,0,1,1,0.0
0.0001,35,26,1,0,693,0,0,1,1,0.0
0.0001,35,27,1,0,693,0,0,1,1,0.0
0.0001,35,28,1,0,693,0,0,1,1,0.0
0.0001,35,29,1,0,693,0,0,1,1,0.0
0.0001,35,30,1,0,693,0,0,1,1,0.0
0.0001,35,31,1,0,693,0,0,1,1,0.0
0.0001,35,32,11,1,692,0,0,1,1,0.0
0.0001,35,33,1,0,693,0,0,1,1,0.0
0.0001,35,34,1,0,693,0,0,1,1,0.0
0.0001,60,0,1,0,693,0,0,1,1,0.0
0.0001,60,1,1,0,693,0,0,1,1,0.0
0.0001,60,2,1,0,693,0,0,1,1,0.0
0.0001,60,3,1,0,693,0,0,1,1,0.0
0.0001,60,4,1,0,693,0,0,1,1,0.0
0.0001,60,5,1,0,693,0,0,1,1,0.0
0.0001,60,6,1,0,693,0,0,1,1,0.0
0.0001,60,7,1,0,693,0,0,1,1,0.0
0.0001,60,8,1,0,693,0,0,1,1,0.0
0.0001,60,9,1,0,693,0,0,1,1,0.0
0.0001,60,10,1,0,693,0,0,1,1,0.0
0.0001,60,11,1,0,693,0,0,1,1,0.0
0.0001,60,12,1,0,693,0,0,1,1,0.0
0.0001,60,13,1,0,693,0,0,1,1,0.0
0.0001,60,14,1,0,693,0,0,1,1,0.0
0.0001,60,15,1,0,693,0,0,1,1,0.0
0.0001,60,16,1,0,693,0,0,1,1,0.0
0.0001,60,17,1,0,693,0,0,1,1,0.0
0.0001,60,18,1,0,693,0,0,1,1,0.0
0.0001,60,19,1,0,693,0,0,1,1,0.0
0.0001,60,20,1,0,693,0,0,1,1,0.0
0.0001,60,21,1,0,693,0,0,1,1,0.0
0.0001,60,22,1,0,693,0,0,1,1,0.0
0.0001,60,23,1,0,693,0,0,1,1,0.0
0.0001,60,24,1,0,693,0,0,1,1,0.0
0.0001,60,25,1,0,693,0,0,1,1,0.0
0.0001,60,26,1,0,693,0,0,1,1,0.0
0.0001,60,27,1,0,693,0,0,1,1,0.0
0.0001,60,28,1,0,693,0,0,1,1,0.0
0.0001,60,29,1,0,693,0,0,1,1,0.0
0.0001,60,30,1,0,693,0,0,1,1,0.0
0.0001,60,31,1,0,693,0,0,1,1,0.0
0.0001,60,32,1,0,693,0,0,1,1,0.0
0.0001,60,33,1,0,693,0,0,1,1,0.0
0.0001,60,34,1,0,693,0,0,1,1,0.0
0.0001,60,35,1,0,693,0,0,1,1,0.0
0.0001,60,36,1,0,693,0,0,1,1,0.0
0.0001,60,37,1,0,693,0,0,1,1,0.0
0.0001,60,38,1,0,693,0,0,1,1,0.0
0.0001,60,39,1,0,693,0,0,1,1,0.0
0.0001,60,40,1,0,693,0,0,1,1,0.0
0.0001,60,41,1,0,693,0,0,1,1,0.0
0.0001,60,42,1,0,693,0,0,1,1,0.0
0.0001,60,43,1,0,693,0,0,1,1,0.0
0.0001,60,44,1,0,693,0,0,1,1,0.0
0.0001,60,45,1,0,693,0,0,1,1,0.0
0.0001,60,46,1,0,693,0,0,1,1,0.0
0.0001,60,47,1,0,693,0,0,1,1,0.0
0.0001,60,48,1,0,693,0,0,1,1,0.0
0.0001,60,49,1,0,693,0,0,1,1,0.0
0.0001,60,50,1,0,693,0,0,1,1,0.0
0.0001,60,51,1,0,693,0,0,1,1,0.0
0.0001,60,52,1,0,693,0,0,1,1,0.0
0.0001,60,53,1,0,693,0,0,1,1,0.0
0.0001,60,54,1,0,693,0,0,1,1,0.0
0.0001,60,55,1,0,693,0,0,1,1,0.0
0.0001,60,56,1,0,693,0,0,1,1,0.0
0.0001,60,57,1,0,693,0,0,1,1,0.0
0.0001,60,58,1,0,693,0,0,1,1,0.0
0.0001,60,59,1,0,693,0,0,1,1,0.0
0.0001,85,0,1,0,693,0,0,1,1,0.0
0.0001,85,1,1,0,693,0,0,1,1,0.0
0.0001,85,2,1,0,693,0,0,1,1,0.0
0.0001,85,3,1,0,693,0,0,1,1,0.0
0.0001,85,4,1,0,693,0,0,1,1,0.0
0.0001,85,5,1,0,693,0,0,1,1,0.0
0.0001,85,6,1,0,693,0,0,1,1,0.0
0.0001,85,7,1,0,693,0,0,1,1,0.0
0.0001,85,8,1,0,693,0,0,1,1,0.0
0.0001,85,9,1,0,693,0,0,1,1,0.0
0.0001,85,10,1,0,693,0,0,1,1,0.0
0.0001,85,11,1,0,693,0,0,1,1,0.0
0.0001,85,12,1,0,693,0,0,1,1,0.0
0.0001,85,13,1,0,693,0,0,1,1,0.0
0.0001,85,14,1,0,693,0,0,1,1,0.0
0.0001,85,15,1,0,693,0,0,1,1,0.0
0.0001,85,16,1,0,693,0,0,1,1,0.0
0.0001,85,17,1,0,693,0,0,1,1,0.0
0.0001,85,18,1,0,693,0,0,1,1,0.0
0.0001,85,19,1,0,693,0,0,1,1,0.0
0.0001,85,20,1,0,693,0,0,1,1,0.0
0.0001,85,21,1,0,693,0,0,1,1,0.0
0.0001,85,22,1,0,693,0,0,1,1,0.0
0.0001,85,23,1,0,693,0,0,1,1,0.0
0.0001,85,24,1,0,693,0,0,1,1,0.0
0.0001,85,25,1,0,693,0,0,1,1,0.0
0.0001,85,26,1,0,693,0,0,1,1,0.0
0.0001,85,27,1,0,693,0,0,1,1,0.0
0.0001,85,28,1,0,693,0,0,1,1,0.0
0.0001,85,29,1,0,693,0,0,1,1,0.0
0.0001,85,30,1,0,693,0,0,1,1,0.0
0.0001,85,31,1,0,693,0,0,1,1,0.0
0.0001,85,32,1,0,693,0,0,1,1,0.0
0.0001,85,33,1,0,693,0,0,1,1,0.0
0.0001,85,34,1,0,693,0,0,1,1,0.0
0.0001,85,35,1,0,693,0,0,1,1,0.0
0.0001,85,36,1,0,693,0,0,1,1,0.0
0.0001,85,37,1,0,693,0,0,1,1,0.0
0.0001,85,38,1,0,693,0,0,1,1,0.0
0.0001,85,39,1,0,693,0,0,1,1,0.0
0.0001,85,40,1,0,693,0,0,1,1,0.0
0.0001,85,41,1,0,693,0,0,1,1,0.0
0.0001,85,42,1,0,693,0,0,1,1,0.0
0.0001,85,43,1,0,693,0,0,1,1,0.0
0.0001,85,44,1,0,693,0,0,1,1,0.0
0.0001,85,45,1,0,693,0,0,1,1,0.0
0.0001,85,46,1,0,693,0,0,1,1,0.0
0.0001,85,47,1,0,693,0,0,1,1,0.0
0.0001,85,48,1,0,693,0,0,1,1,0.0
0.0001,85,49,1,0,693,0,0,1,1,0.0
0.0001,85,50,1,0,693,0,0,1,1,0.0
0.0001,85,51,10,1,692,0,0,1,1,0.0
0.0001,85,52,1,0,693,0,0,1,1,0.0
0.0001,85,53,1,0,693,0,0,1,1,0.0
0.0001,85,54,1,0,693,0,0,1,1,0.0
0.0001,85,55,1,0,693,0,0,1,1,0.0
0.0001,85,56,1,0,693,0,0,1,1,0.0
0.0001,85,57,1,0,693,0,0,1,1,0.0
0.0001,85,58,1,0,693,0,0,1,1,0.0
0.0001,85,59,1,0,693,0,0,1,1,0.0
0.0001,85,60,1,0,693,0,0,1,1,0.0
0.0001,85,61,1,0,693,0,0,1,1,0.0
0.0001,85,62,1,0,693,0,0,1,1,0.0
0.0001,85,63,1,0,693,0,0,1,1,0.0
0.0001,85,64,1,0,693,0,0,1,1,0.0
0.0001,85,65,1,0,693,0,0,1,1,0.0
0.0001,85,66,1,0,693,0,0,1,1,0.0
0.0001,85,67,1,0,693,0,0,1,1,0.0
0.0001,85,68,1,0,693,0,0,1,1,0.0
0.0001,85,69,1,0,693,0,0,1,1,0.0
0.0001,85,70,10,1,692,0,0,1,1,0.0
0.0001,85,71,1,0,693,0,0,1,1,0.0
0.0001,85,72,1,0,693,0,0,1,1,0.0
0.0001,85,73,1,0,693,0,0,1,1,0.0
0.0001,85,74,1,0,693,0,0,1,1,0.0
0.0001,85,75,10,1,692,0,0,1,1,0.0
0.0001,85,76,1,0,693,0,0,1,1,0.0
0.0001,85,77,1,0,693,0,0,1,1,0.0
0.0001,85,78,1,0,693,0,0,1,1,0.0
0.0001,85,79,1,0,693,0,0,1,1,0.0
0.0001,85,80,1,0,693,0,0,1,1,0.0
0.0001,85,81,1,0,693,0,0,1,1,0.0
0.0001,85,82,1,0,693,0,0,1,1,0.0
0.0001,85,83,1,0,693,0,0,1,1,0.0
0.0001,85,84,1,0,693,0,0,1,1,0.0
0.0002,10,0,1,0,693,0,0,1,1,0.0
0.0002,10,1,1,0,693,0,0,1,1,0.0
0.0002,10,2,11,1,692,0,0,1,1,0.0
0.0002,10,3,1,0,693,0,0,1,1,0.0
0.0002,10,4,1,0,693,0,0,1,1,0.0
0.0002,10,5,1,0,693,0,0,1,1,0.0
0.0002,10,6,1,0,693,0,0,1,1,0.0
0.0002,10,7,1,0,693,0,0,1,1,0.0
0.0002,10,8,10,1,692,0,0,1,1,0.0
0.0002,10,9,1,0,693,0,0,1,1,0.0
0.0002,35,0,1,0,693,0,0,1,1,0.0
0.0002,35,1,11,1,692,0,0,1,1,0.0
0.0002,35,2,1,0,693,0,0,1,1,0.0
0.0002,35,3,1,0,693,0,0,1,1,0.0
0.0002,35,4,28,3,690,0,0,1,1,0.0
0.0002,35,5,1,0,693,0,0,1,1,0.0
0.0002,35,6,1,0,693,0,0,1,1,0.0
0.0002,35,7,1,0,693,0,0,1,1,0.0
0.0002,35,8,1,0,693,0,0,1,1,0.0
0.0002,35,9,1,0,693,0,0,1,1,0.0
0.0002,35,10,1,0,693,0,0,1,1,0.0
0.0002,35,11,1,0,693,0,0,1,1,0.0
0.0002,35,12,1,0,693,0,0,1,1,0.0
0.0002,35,13,10,1,692,0,0,1,1,0.0
0.0002,35,14,1,0,693,0,0,1,1,0.0
0.0002,35,15,1,0,693,0,0,1,1,0.0
0.0002,35,16,1,0,693,0,0,1,1,0.0
0.0002,35,17,1,0,693,0,0,1,1,0.0
0.0002,35,18,1,0,693,0,0,1,1,0.0
0.0002,35,19,1,0,693,0,0,1,1,0.0
0.0002,35,20,1,0,693,0,0,1,1,0.0
0.0002,35,21,1,0,693,0,0,1,1,0.0
0.0002,35,22,1,0,693,0,0,1,1,0.0
0.0002,35,23,10,1,692,0,0,1,1,0.0
0.0002,35,24,10,1,692,0,0,1,1,0.0
0.0002,35,25,1,0,693,0,0,1,1,0.0
0.0002,35,26,1,0,693,0,0,1,1,0.0
0.0002,35,27,1,0,693,0,0,1,1,0.0
0.0002,35,28,1,0,693,0,0,1,1,0.0
0.0002,35,29,1,0,693,0,0,1,1,0.0
0.0002,35,30,1,0,693,0,0,1,1,0.0
0.0002,35,31,1,0,693,0,0,1,1,0.0
0.0002,35,32,1,0,693,0,0,1,1,0.0
0.0002,35,33,1,0,693,0,0,1,1,0.0
0.0002,35,34,1,0,693,0,0,1,1,0.0
0.0002,60,0,1,0,693,0,0,1,1,0.0
0.0002,60,1,1,0,693,0,0,1,1,0.0
0.0002,60,2,1,0,693,0,0,1,1,0.0
0.0002,60,3,1,0,693,0,0,1,1,0.0
0.0002,60,4,1,0,693,0,0,1,1,0.0
0.0002,60,5,1,0,693,0,0,1,1,0.0
0.0002,60,6,1,0,693,0,0,1,1,0.0
0.0002,60,7,10,1,692,0,0,1,1,0.0
0.0002,60,8,1,0,693,0,0,1,1,0.0
0.0002,60,9,1,0,693,0,0,1,1,0.0
0.0002,60,10,1,0,693,0,0,1,1,0.0
0.0002,60,11,1,0,693,0,0,1,1,0.0
0.0002,60,12,1,0,693,0,0,1,1,0.0
0.0002,60,13,1,0,693,0,0,1,1,0.0
0.0002,60,14,1,0,693,0,0,1,1,0.0
0.0002,60,15,1,0,693,0,0,1,1,0.0
0.0002,60,16,1,0,693,0,0,1,1,0.0
0.0002,60,17,1,0,693,0,0,1,1,0.0
0.0002,60,18,1,0,693,0,0,1,1,0.0
0.0002,60,19,1,0,693,0,0,1,1,0.0
0.0002,60,20,1,0,693,0,0,1,1,0.0
0.0002,60,21,11,1,692,0,0,1,1,0.0
0.0002,60,22,1,0,693,0,0,1,1,0.0
0.0002,60,23,1,0,693,0,0,1,1,0.0
0.0002,60,24,10,1,692,0,0,1,1,0.0
0.0002,60,25,11,1,692,0,0,1,1,0.0
0.0002,60,26,1,0,693,0,0,1,1,0.0
0.0002,60,27,1,0,693,0,0,1,1,0.0
0.0002,60,28,1,0,693,0,0,1,1,0.0
0.0002,60,29,1,0,693,0,0,1,1,0.0
0.0002,60,30,1,0,693,0,0,1,1,0.0
0.0002,60,31,1,0,693,0,0,1,1,0.0
0.0002,60,32,1,0,693,0,0,1,1,0.0
0.0002,60,33,1,0,693,0,0,1,1,0.0
0.0002,60,34,10,1,692,0,0,1,1,0.0
0.0002,60,35,1,0,693,0,0,1,1,0.0
0.0002,60,36,1,0,693,0,0,1,1,0.0
0.0002,60,37,1,0,693,0,0,1,1,0.0
0.0002,60,38,1,0,693,0,0,1,1,0.0
0.0002,60,39,1,0,693,0,0,1,1,0.0
0.0002,60,40,1,0,693,0,0,1,1,0.0
0.0002,60,41,1,0,693,0,0,1,1,0.0
0.0002,60,42,10,1,692,0,0,1,1,0.0
0.0002,60,43,1,0,693,0,0,1,1,0.0
0.0002,60,44,1,0,693,0,0,1,1,0.0
0.0002,60,45,1,0,693,0,0,1,1,0.0
0.0002,60,46,10,1,692,0,0,1,1,0.0
0.0002,60,47,1,0,693,0,0,1,1,0.0
0.0002,60,48,1,0,693,0,0,1,1,0.0
0.0002,60,49,1,0,693,0,0,1,1,0.0
0.0002,60,50,1,0,693,0,0,1,1,0.0
0.0002,60,51,1,0,693,0,0,1,1,0.0
0.0002,60,52,1,0,693,0,0,1,1,0.0
0.0002,60,53,1,0,693,0,0,1,1,0.0
0.0002,60,54,1,0,693,0,0,1,1,0.0
0.0002,60,55,1,0,693,0,0,1,1,0.0
0.0002,60,56,1,0,693,0,0,1,1,0.0
0.0002,60,57,1,0,693,0,0,1,1,0.0
0.0002,60,58,1,0,693,0,0,1,1,0.0
0.0002,60,59,1,0,693,0,0,1,1,0.0
0.0002,85,0,1,0,693,0,0,1,1,0.0
0.0002,85,1,1,0,693,0,0,1,1,0.0
0.0002,85,2,1,0,693,0,0,1,1,0.0
0.0002,85,3,1,0,693,0,0,1,1,0.0
0.0002,85,4,1,0,693,0,0,1,1,0.0
0.0002,85,5,11,1,692,0,0,1,1,0.0
0.0002,85,6,1,0,693,0,0,1,1,0.0
0.0002,85,7,1,0,693,0,0,1,1,0.0
0.0002,85,8,1,0,693,0,0,1,1,0.0
0.0002,85,9,1,0,693,0,0,1,1,0.0
0.0002,85,10,1,0,693,0,0,1,1,0.0
0.0002,85,11,1,0,693,0,0,1,1,0.0
0.0002,85,12,1,0,693,0,0,1,1,0.0
0.0002,85,13,1,0,693,0,0,1,1,0.0
0.0002,85,14,1,0,693,0,0,1,1,0.0
0.0002,85,15,1,0,693,0,0,1,1,0.0
0.0002,85,16,1,0,693,0,0,1,1,0.0
0.0002,85,17,1,0,693,0,0,1,1,0.0
0.0002,85,18,1,0,693,0,0,1,1,0.0
0.0002,85,19,1,0,693,0,0,1,1,0.0
0.0002,85,20,1,0,693,0,0,1,1,0.0
0.0002,85,21,1,0,693,0,0,1,1,0.0
0.0002,85,22,1,0,693,0,0,1,1,0.0
0.0002,85,23,1,0,693,0,0,1,1,0.0
0.0002,85,24,1,0,693,0,0,1,1,0.0
0.0002,85,25,11,1,692,0,0,1,1,0.0
0.0002,85,26,1,0,693,0,0,1,1,0.0
0.0002,85,27,1,0,693,0,0,1,1,0.0
0.0002,85,28,1,0,693,0,0,1,1,0.0
0.0002,85,29,1,0,693,0,0,1,1,0.0
0.0002,85,30,1,0,693,0,0,1,1,0.0
0.0002,85,31,1,0,693,0,0,1,1,0.0
0.0002,85,32,1,0,693,0,0,1,1,0.0
0.0002,85,33,1,0,693,0,0,1,1,0.0
0.0002,85,34,1,0,693,0,0,1,1,0.0
0.0002,85,35,1,0,693,0,0,1,1,0.0
0.0002,85,36,1,0,693,0,0,1,1,0.0
0.0002,85,37,1,0,693,0,0,1,1,0.0
0.0002,85,38,1,0,693,0,0,1,1,0.0
0.0002,85,39,1,0,693,0,0,1,1,0.0
0.0002,85,40,1,0,693,0,0,1,1,0.0
0.0002,85,41,1,0,693,0,0,1,1,0.0
0.0002,85,42,1,0,693,0,0,1,1,0.0
0.0002,85,43,1,0,693,0,0,1,1,0.0
0.0002,85,44,1,0,693,0,0,1,1,0.0
0.0002,85,45,1,0,693,0,0,1,1,0.0
0.0002,85,46,11,1,692,0,0,1,1,0.0
0.0002,85,47,1,0,693,0,0,1,1,0.0
0.0002,85,48,1,0,693,0,0,1,1,0.0
0.0002,85,49,1,0,693,0,0,1,1,0.0
0.0002,85,50,11,1,692,0,0,1,1,0.0
0.0002,85,51,1,0,693,0,0,1,1,0.0
0.0002,85,52,1,0,693,0,0,1,1,0.0
0.0002,85,53,1,0,693,0,0,1,1,0.0
0.0002,85,54,1,0,693,0,0,1,1,0.0
0.0002,85,55,10,1,692,0,0,1,1,0.0
0.0002,85,56,1,0,693,0,0,1,1,0.0
0.0002,85,57,10,1,692,0,0,1,1,0.0
0.0002,85,58,1,0,693,0,0,1,1,0.0
0.0002,85,59,1,0,693,0,0,1,1,0.0
0.0002,85,60,1,0,693,0,0,1,1,0.0
0.0002,85,61,1,0,693,0,0,1,1,0.0
0.0002,85,62,10,1,692,0,0,1,1,0.0
0.0002,85,63,1,0,693,0,0,1,1,0.0
0.0002,85,64,11,1,692,0,0,1,1,0.0
0.0002,85,65,11,1,692,0,0,1,1,0.0
0.0002,85,66,11,1,692,0,0,1,1,0.0
0.0002,85,67,1,0,693,0,0,1,1,0.0
0.0002,85,68,1,0,693,0,0,1,1,0.0
0.0002,85,69,1,0,693,0,0,1,1,0.0
0.0002,85,70,1,0,693,0,0,1,1,0.0
0.0002,85,71,1,0,693,0,0,1,1,0.0
0.0002,85,72,1,0,693,0,0,1,1,0.0
0.0002,85,73,1,0,693,0,0,1,1,0.0
0.0002,85,74,1,0,693,0,0,1,1,0.0
0.0002,85,75,1,0,693,0,0,1,1,0.0
0.0002,85,76,1,0,693,0,0,1,1,0.0
0.0002,85,77,1,0,693,0,0,1,1,0.0
0.0002,85,78,11,1,692,0,0,1,1,0.0
0.0002,85,79,1,0,693,0,0,1,1,0.0
0.0002,85,80,1,0,693,0,0,1,1,0.0
0.0002,85,81,1,0,693,0,0,1,1,0.0
0.0002,85,82,1,0,693,0,0,1,1,0.0
0.0002,85,83,1,0,693,0,0,1,1,0.0
0.0002,85,84,1,0,693,0,0,1,1,0.0
0.00030000000000000003,10,0,10,1,692,0,0,1,1,0.0
0.00030000000000000003,10,1,1,0,693,0,0,1,1,0.0
0.00030000000000000003,10,2,1,0,693,0,0,1,1,0.0
0.00030000000000000003,10,3,1,0,693,0,0,1,1,0.0
0.00030000000000000003,10,4,1,0,693,0,0,1,1,0.0
0.00030000000000000003,10,5,1,0,693,0,0,1,1,0.0
0.00030000000000000003,10,6,1,0,693,0,0,1,1,0.0
0.00030000000000000003,10,7,1,0,693,0,0,1,1,0.0
0.00030000000000000003,10,8,1,0,693,0,0,1,1,0.0
0.00030000000000000003,10,9,1,0,693,0,0,1,1,0.0
0.00030000000000000003,35,0,1,0,693,0,0,1,1,0.0
0.00030000000000000003,35,1,1,0,693,0,0,1,1,0.0
0.00030000000000000003,35,2,1,0,693,0,0,1,1,0.0
0.00030000000000000003,35,3,1,0,693,0,0,1,1,0.0
0.00030000000000000003,35,4,1,0,693,0,0,1,1,0.0
0.00030000000000000003,35,5,1,0,693,0,0,1,1,0.0
0.00030000000000000003,35,6,1,0,693,0,0,1,1,0.0
0.00030000000000000003,35,7,1,0,693,0,0,1,1,0.0
0.00030000000000000003,35,8,1,0,693,0,0,1,1,0.0
0.00030000000000000003,35,9,1,0,693,0,0,1,1,0.0
0.00030000000000000003,35,10,1,0,693,0,0,1,1,0.0
0.00030000000000000003,35,11,1,0,693,0,0,1,1,0.0
0.00030000000000000003,35,12,1,0,693,0,0,1,1,0.0
0.00030000000000000003,35,13,1,0,693,0,0,1,1,0.0
0.00030000000000000003,35,14,1,0,693,0,0,1,1,0.0
0.00030000000000000003,35,15,10,1,692,0,0,1,1,0.0
0.00030000000000000003,35,16,1,0,693,0,0,1,1,0.0
0.00030000000000000003,35,17,10,1,692,0,0,1,1,0.0
0.00030000000000000003,35,18,1,0,693,0,0,1,1,0.0
0.00030000000000000003,35,19,1,0,693,0,0,1,1,0.0
0.00030000000000000003,35,20,1,0,693,0,0,1,1,0.0
0.00030000000000000003,35,21,11,1,692,0,0,1,1,0.0
0.00030000000000000003,35,22,1,0,693,0,0,1,1,0.0
0.00030000000000000003,35,23,1,0,693,0,0,1,1,0.0
0.00030000000000000003,35,24,1,0,693,0,0,1,1,0.0
0.00030000000000000003,35,25,1,0,693,0,0,1,1,0.0
0.00030000000000000003,35,26,1,0,693,0,0,1,1,0.0
0.00030000000000000003,35,27,1,0,693,0,0,1,1,0.0
0.00030000000000000003,35,28,1,0,693,0,0,1,1,0.0
0.00030000000000000003,35,29,1,0,693,0,0,1,1,0.0
0.00030000000000000003,35,30,1,0,693,0,0,1,1,0.0
0.00030000000000000003,35,31,1,0,693,0,0,1,1,0.0
0.00030000000000000003,35,32,1,0,693,0,0,1,1,0.0
0.00030000000000000003,35,33,1,0,693,0,0,1,1,0.0
0.00030000000000000003,35,34,10,1,692,0,0,1,1,0.0
0.00030000000000000003,60,0,1,0,693,0,0,1,1,0.0
0.00030000000000000003,60,1,1,0,693,0,0,1,1,0.0
0.00030000000000000003,60,2,1,0,693,0,0,1,1,0.0
0.00030000000000000003,60,3,1,0,693,0,0,1,1,0.0
0.00030000000000000003,60,4,1,0,693,0,0,1,1,0.0
0.00030000000000000003,60,5,1,0,693,0,0,1,1,0.0
0.00030000000000000003,60,6,1,0,693,0,0,1,1,0.0
0.00030000000000000003,60,7,1,0,693,0,0,1,1,0.0
0.00030000000000000003,60,8,1,0,693,0,0,1,1,0.0
0.00030000000000000003,60,9,1,0,693,0,0,1,1,0.0
0.00030000000000000003,60,10,1,0,693,0,0,1,1,0.0
0.00030000000000000003,60,11,1,0,693,0,0,1,1,0.0
0.00030000000000000003,60,12,1,0,693,0,0,1,1,0.0
0.00030000000000000003,60,13,1,0,693,0,0,1,1,0.0
0.00030000000000000003,60,14,1,0,693,0,0,1,1,0.0
0.00030000000000000003,60,15,1,0,693,0,0,1,1,0.0
0.00030000000000000003,60,16,11,1,692,0,0,1,1,0.0
0.00030000000000000003,60,17,1,0,693,0,0,1,1,0.0
0.00030000000000000003,60,18,10,1,692,0,0,1,1,0.0
0.00030000000000000003,60,19,1,0,693,0,0,1,1,0.0
0.00030000000000000003,60,20,1,0,693,0,0,1,1,0.0
0.00030000000000000003,60,21,1,0,693,0,0,1,1,0.0
0.00030000000000000003,60,22,1,0,693,0,0,1,1,0.0
0.00030000000000000003,60,23,17,2,691,0,0,1,1,0.0
0.00030000000000000003,60,24,1,0,693,0,0,1,1,0.0
0.00030000000000000003,60,25,1,0,693,0,0,1,1,0.0
0.00030000000000000003,60,26,1,0,693,0,0,1,1,0.0
0.00030000000000000003,60,27,1,0,693,0,0,1,1,0.0
0.00030000000000000003,60,28,1,0,693,0,0,1,1,0.0
0.00030000000000000003,60,29,1,0,693,0,0,1,1,0.0
0.00030000000000000003,60,30,10,1,692,0,0,1,1,0.0
0.00030000000000000003,60,31,1,0,693,0,0,1,1,0.0
0.00030000000000000003,60,32,1,0,693,0,0,1,1,0.0
0.00030000000000000003,60,33,1,0,693,0,0,1,1,0.0
0.00030000000000000003,60,34,1,0,693,0,0,1,1,0.0
0.00030000000000000003,60,35,1,0,693,0,0,1,1,0.0
0.00030000000000000003,60,36,1,0,693,0,0,1,1,0.0
0.00030000000000000003,60,37,1,0,693,0,0,1,1,0.0
0.00030000000000000003,60,38,1,0,693,0,0,1,1,0.0
0.00030000000000000003,60,39,1,0,693,0,0,1,1,0.0
0.00030000000000000003,60,40,1,0,693,0,0,1,1,0.0
0.00030000000000000003,60,41,11,1,692,0,0,1,1,0.0
0.00030000000000000003,60,42,1,0,693,0,0,1,1,0.0
0.00030000000000000003,60,43,1,0,693,0,0,1,1,0.0
0.00030000000000000003,60,44,1,0,693,0,0,1,1,0.0
0.00030000000000000003,60,45,1,0,693,0,0,1,1,0.0
0.00030000000000000003,60,46,1,0,693,0,0,1,1,0.0
0.00030000000000000003,60,47,1,0,693,0,0,1,1,0.0
0.00030000000000000003,60,48,1,0,693,0,0,1,1,0.0
0.00030000000000000003,60,49,11,1,692,0,0,1,1,0.0
0.00030000000000000003,60,50,1,0,693,0,0,1,1,0.0
0.00030000000000000003,60,51,10,1,692,0,0,1,1,0.0
0.00030000000000000003,60,52,1,0,693,0,0,1,1,0.0
0.00030000000000000003,60,53,1,0,693,0,0,1,1,0.0
0.00030000000000000003,60,54,1,0,693,0,0,1,1,0.0
0.00030000000000000003,60,55,1,0,693,0,0,1,1,0.0
0.00030000000000000003,60,56,1,0,693,0,0,1,1,0.0
0.00030000000000000003,60,57,1,0,693,0,0,1,1,0.0
0.00030000000000000003,60,58,1,0,693,0,0,1,1,0.0
0.00030000000000000003,60,59,1,0,693,0,0,1,1,0.0
0.00030000000000000003,85,0,1,0,693,0,0,1,1,0.0
0.00030000000000000003,85,1,1,0,693,0,0,1,1,0.0
0.00030000000000000003,85,2,1,0,693,0,0,1,1,0.0
0.00030000000000000003,85,3,10,1,692,0,0,1,1,0.0
0.00030000000000000003,85,4,1,0,693,0,0,1,1,0.0
0.00030000000000000003,85,5,10,1,692,0,0,1,1,0.0
0.00030000000000000003,85,6,1,0,693,0,0,1,1,0.0
0.00030000000000000003,85,7,1,0,693,0,0,1,1,0.0
0.00030000000000000003,85,8,1,0,693,0,0,1,1,0.0
0.00030000000000000003,85,9,1,0,693,0,0,1,1,0.0
0.00030000000000000003,85,10,1,0,693,0,0,1,1,0.0
0.00030000000000000003,85,11,1,0,693,0,0,1,1,0.0
0.00030000000000000003,85,12,1,0,693,0,0,1,1,0.0
0.00030000000000000003,85,13,1,0,693,0,0,1,1,0.0
0.00030000000000000003,85,14,1,0,693,0,0,1,1,0.0
0.00030000000000000003,85,15,1,0,693,0,0,1,1,0.0
0.00030000000000000003,85,16,1,0,693,0,0,1,1,0.0
0.00030000000000000003,85,17,1,0,693,0,0,1,1,0.0
0.00030000000000000003,85,18,1,0,693,0,0,1,1,0.0
0.00030000000000000003,85,19,1,0,693,0,0,1,1,0.0
0.00030000000000000003,85,20,1,0,693,0,0,1,1,0.0
0.00030000000000000003,85,21,10,1,692,0,0,1,1,0.0
0.00030000000000000003,85,22,1,0,693,0,0,1,1,0.0
0.00030000000000000003,85,23,11,1,692,0,0,1,1,0.0
0.00030000000000000003,85,24,1,0,693,0,0,1,1,0.0
0.00030000000000000003,85,25,1,0,693,0,0,1,1,0.0
0.00030000000000000003,85,26,1,0,693,0,0,1,1,0.0
0.00030000000000000003,85,27,10,1,692,0,0,1,1,0.0
0.00030000000000000003,85,28,1,0,693,0,0,1,1,0.0
0.00030000000000000003,85,29,1,0,693,0,0,1,1,0.0
0.00030000000000000003,85,30,1,0,693,0,0,1,1,0.0
0.00030000000000000003,85,31,10,1,692,0,0,1,1,0.0
0.00030000000000000003,85,32,11,1,692,0,0,1,1,0.0
0.00030000000000000003,85,33,11,1,692,0,0,1,1,0.0
0.00030000000000000003,85,34,1,0,693,0,0,1,1,0.0
0.00030000000000000003,85,35,1,0,693,0,0,1,1,0.0
0.00030000000000000003,85,36,1,0,693,0,0,1,1,0.0
0.00030000000000000003,85,37,1,0,693,0,0,1,1,0.0
0.00030000000000000003,85,38,1,0,693,0,0,1,1,0.0
0.00030000000000000003,85,39,11,1,692,0,0,1,1,0.0
0.00030000000000000003,85,40,11,1,692,0,0,1,1,0.0
0.00030000000000000003,85,41,1,0,693,0,0,1,1,0.0
0.00030000000000000003,85,42,1,0,693,0,0,1,1,0.0
0.00030000000000000003,85,43,11,1,692,0,0,1,1,0.0
0.00030000000000000003,85,44,1,0,693,0,0,1,1,0.0
0.00030000000000000003,85,45,11,1,692,0,0,1,1,0.0
0.00030000000000000003,85,46,1,0,693,0,0,1,1,0.0
0.00030000000000000003,85,47,1,0,693,0,0,1,1,0.0
0.00030000000000000003,85,48,1,0,693,0,0,1,1,0.0
0.00030000000000000003,85,49,11,1,692,0,0,1,1,0.0
0.00030000000000000003,85,50,1,0,693,0,0,1,1,0.0
0.00030000000000000003,85,51,1,0,693,0,0,1,1,0.0
0.00030000000000000003,85,52,1,0,693,0,0,1,1,0.0
0.00030000000000000003,85,53,1,0,693,0,0,1,1,0.0
0.00030000000000000003,85,54,1,0,693,0,0,1,1,0.0
0.00030000000000000003,85,55,1,0,693,0,0,1,1,0.0
0.00030000000000000003,85,56,1,0,693,0,0,1,1,0.0
0.00030000000000000003,85,57,19,2,691,0,0,1,1,0.0
0.00030000000000000003,85,58,10,1,692,0,0,1,1,0.0
0.00030000000000000003,85,59,1,0,693,0,0,1,1,0.0
0.00030000000000000003,85,60,1,0,693,0,0,1,1,0.0
0.00030000000000000003,85,61,1,0,693,0,0,1,1,0.0
0.00030000000000000003,85,62,10,1,692,0,0,1,1,0.0
0.00030000000000000003,85,63,1,0,693,0,0,1,1,0.0
0.00030000000000000003,85,64,1,0,693,0,0,1,1,0.0
0.00030000000000000003,85,65,1,0,693,0,0,1,1,0.0
0.00030000000000000003,85,66,1,0,693,0,0,1,1,0.0
0.00030000000000000003,85,67,1,0,693,0,0,1,1,0.0
0.00030000000000000003,85,68,10,1,692,0,0,1,1,0.0
0.00030000000000000003,85,69,1,0,693,0,0,1,1,0.0
0.00030000000000000003,85,70,1,0,693,0,0,1,1,0.0
0.00030000000000000003,85,71,1,0,693,0,0,1,1,0.0
0.00030000000000000003,85,72,1,0,693,0,0,1,1,0.0
0.00030000000000000003,85,73,1,0,693,0,0,1,1,0.0
0.00030000000000000003,85,74,11,1,692,0,0,1,1,0.0
0.00030000000000000003,85,75,10,1,692,0,0,1,1,0.0
0.00030000000000000003,85,76,11,1,692,0,0,1,1,0.0
0.00030000000000000003,85,77,1,0,693,0,0,1,1,0.0
0.00030000000000000003,85,78,1,0,693,0,0,1,1,0.0
0.00030000000000000003,85,79,1,0,693,0,0,1,1,0.0
0.00030000000000000003,85,80,1,0,693,0,0,1,1,0.0
0.00030000000000000003,85,81,1,0,693,0,0,1,1,0.0
0.00030000000000000003,85,82,1,0,693,0,0,1,1,0.0
0.00030000000000000003,85,83,1,0,693,0,0,1,1,0.0
0.00030000000000000003,85,84,1,0,693,0,0,1,1,0.0
0.0004,10,0,1,0,693,0,0,1,1,0.0
0.0004,10,1,10,1,692,0,0,1,1,0.0
0.0004,10,2,1,0,693,0,0,1,1,0.0
0.0004,10,3,11,1,692,0,0,1,1,0.0
0.0004,10,4,11,1,692,0,0,1,1,0.0
0.0004,10,5,1,0,693,0,0,1,1,0.0
0.0004,10,6,1,0,693,0,0,1,1,0.0
0.0004,10,7,1,0,693,0,0,1,1,0.0
0.0004,10,8,11,1,692,0,0,1,1,0.0
0.0004,10,9,1,0,693,0,0,1,1,0.0
0.0004,35,0,1,0,693,0,0,1,1,0.0
0.0004,35,1,10,1,692,0,0,1,1,0.0
0.0004,35,2,1,0,693,0,0,1,1,0.0
0.0004,35,3,1,0,693,0,0,1,1,0.0
0.0004,35,4,1,0,693,0,0,1,1,0.0
0.0004,35,5,1,0,693,0,0,1,1,0.0
0.0004,35,6,10,1,692,0,0,1,1,0.0
0.0004,35,7,10,1,692,0,0,1,1,0.0
0.0004,35,8,1,0,693,0,0,1,1,0.0
0.0004,35,9,1,0,693,0,0,1,1,0.0
0.0004,35,10,1,0,693,0,0,1,1,0.0
0.0004,35,11,11,1,692,0,0,1,1,0.0
0.0004,35,12,1,0,693,0,0,1,1,0.0
0.0004,35,13,1,0,693,0,0,1,1,0.0
0.0004,35,14,20,2,691,0,0,1,1,0.0
0.0004,35,15,10,1,692,0,0,1,1,0.0
0.0004,35,16,1,0,693,0,0,1,1,0.0
0.0004,35,17,1,0,693,0,0,1,1,0.0
0.0004,35,18,11,1,692,0,0,1,1,0.0
0.0004,35,19,1,0,693,0,0,1,1,0.0
0.0004,35,20,11,1,692,0,0,1,1,0.0
0.0004,35,21,1,0,693,0,0,1,1,0.0
0.0004,35,22,1,0,693,0,0,1,1,0.0
0.0004,35,23,1,0,693,0,0,1,1,0.0
0.0004,35,24,1,0,693,0,0,1,1,0.0
0.0004,35,25,11,1,692,0,0,1,1,0.0
0.0004,35,26,10,1,692,0,0,1,1,0.0
0.0004,35,27,10,1,692,0,0,1,1,0.0
0.0004,35,28,1,0,693,0,0,1,1,0.0
0.0004,35,29,1,0,693,0,0,1,1,0.0
0.0004,35,30,1,0,693,0,0,1,1,0.0
0.0004,35,31,1,0,693,0,0,1,1,0.0
0.0004,35,32,1,0,693,0,0,1,1,0.0
0.0004,35,33,11,1,692,0,0,1,1,0.0
0.0004,35,34,1,0,693,0,0,1,1,0.0
0.0004,60,0,1,0,693,0,0,1,1,0.0
0.0004,60,1,1,0,693,0,0,1,1,0.0
0.0004,60,2,1,0,693,0,0,1,1,0.0
0.0004,60,3,1,0,693,0,0,1,1,0.0
0.0004,60,4,11,1,692,0,0,1,1,0.0
0.0004,60,5,1,0,693,0,0,1,1,0.0
0.0004,60,6,1,0,693,0,0,1,1,0.0
0.0004,60,7,1,0,693,0,0,1,1,0.0
0.0004,60,8,19,2,691,0,0,1,1,0.0
0.0004,60,9,1,0,693,0,0,1,1,0.0
0.0004,60,10,1,0,693,0,0,1,1,0.0
0.0004,60,11,1,0,693,0,0,1,1,0.0
0.0004,60,12,1,0,693,0,0,1,1,0.0
0.0004,60,13,1,0,693,0,0,1,1,0.0
0.0004,60,14,1,0,693,0,0,1,1,0.0
0.0004,60,15,1,0,693,0,0,1,1,0.0
0.0004,60,16,1,0,693,0,0,1,1,0.0
0.0004,60,17,1,0,693,0,0,1,1,0.0
0.0004,60,18,1,0,693,0,0,1,1,0.0
0.0004,60,19,1,0,693,0,0,1,1,0.0
0.0004,60,20,10,1,692,0,0,1,1,0.0
0.0004,60,21,1,0,693,0,0,1,1,0.0
0.0004,60,22,1,0,693,0,0,1,1,0.0
0.0004,60,23,1,0,693,0,0,1,1,0.0
0.0004,60,24,1,0,693,0,0,1,1,0.0
0.0004,60,25,1,0,693,0,0,1,1,0.0
0.0004,60,26,1,0,693,0,0,1,1,0.0
0.0004,60,27,10,1,692,0,0,1,1,0.0
0.0004,60,28,10,1,692,0,0,1,1,0.0
0.0004,60,29,10,1,692,0,0,1,1,0.0
0.0004,60,30,10,1,692,0,0,1,1,0.0
0.0004,60,31,1,0,693,0,0,1,1,0.0
0.0004,60,32,10,1,692,0,0,1,1,0.0
0.0004,60,33,1,0,693,0,0,1,1,0.0
0.0004,60,34,1,0,693,0,0,1,1,0.0
0.0004,60,35,1,0,693,0,0,1,1,0.0
0.0004,60,36,1,0,693,0,0,1,1,0.0
0.0004,60,37,1,0,693,0,0,1,1,0.0
0.0004,60,38,1,0,693,0,0,1,1,0.0
0.0004,60,39,1,0,693,0,0,1,1,0.0
0.0004,60,40,1,0,693,0,0,1,1,0.0
0.0004,60,41,18,2,691,0,0,1,1,0.0
0.0004,60,42,10,1,692,0,0,1,1,0.0
0.0004,60,43,1,0,693,0,0,1,1,0.0
0.0004,60,44,1,0,693,0,0,1,1,0.0
0.0004,60,45,1,0,693,0,0,1,1,0.0
0.0004,60,46,1,0,693,0,0,1,1,0.0
0.0004,60,47,1,0,693,0,0,1,1,0.0
0.0004,60,48,1,0,693,0,0,1,1,0.0
0.0004,60,49,1,0,693,0,0,1,1,0.0
0.0004,60,50,1,0,693,0,0,1,1,0.0
0.0004,60,51,1,0,693,0,0,1,1,0.0
0.0004,60,52,1,0,693,0,0,1,1,0.0
0.0004,60,53,1,0,693,0,0,1,1,0.0
0.0004,60,54,1,0,693,0,0,1,1,0.0
0.0004,60,55,1,0,693,0,0,1,1,0.0
0.0004,60,56,1,0,693,0,0,1,1,0.0
0.0004,60,57,11,1,692,0,0,1,1,0.0
0.0004,60,58,10,1,692,0,0,1,1,0.0
0.0004,60,59,1,0,693,0,0,1,1,0.0
0.0004,85,0,1,0,693,0,0,1,1,0.0
0.0004,85,1,11,1,692,0,0,1,1,0.0
0.0004,85,2,1,0,693,0,0,1,1,0.0
0.0004,85,3,1,0,693,0,0,1,1,0.0
0.0004,85,4,19,2,691,0,0,1,1,0.0
0.0004,85,5,11,1,692,0,0,1,1,0.0
0.0004,85,6,1,0,693,0,0,1,1,0.0
0.0004,85,7,1,0,693,0,0,1,1,0.0
0.0004,85,8,11,1,692,0,0,1,1,0.0
0.0004,85,9,1,0,693,0,0,1,1,0.0
0.0004,85,10,1,0,693,0,0,1,1,0.0
0.0004,85,11,1,0,693,0,0,1,1,0.0
0.0004,85,12,1,0,693,0,0,1,1,0.0
0.0004,85,13,10,1,692,0,0,1,1,0.0
0.0004,85,14,1,0,693,0,0,1,1,0.0
0.0004,85,15,1,0,693,0,0,1,1,0.0
0.0004,85,16,1,0,693,0,0,1,1,0.0
0.0004,85,17,1,0,693,0,0,1,1,0.0
0.0004,85,18,1,0,693,0,0,1,1,0.0
0.0004,85,19,10,1,692,0,0,1,1,0.0
0.0004,85,20,1,0,693,0,0,1,1,0.0
0.0004,85,21,1,0,693,0,0,1,1,0.0
0.0004,85,22,1,0,693,0,0,1,1,0.0
0.0004,85,23,1,0,693,0,0,1,1,0.0
0.0004,85,24,1,0,693,0,0,1,1,0.0
0.0004,85,25,1,0,693,0,0,1,1,0.0
0.0004,85,26,1,0,693,0,0,1,1,0.0
0.0004,85,27,16,2,691,0,0,1,1,0.0
0.0004,85,28,1,0,693,0,0,1,1,0.0
0.0004,85,29,1,0,693,0,0,1,1,0.0
0.0004,85,30,1,0,693,0,0,1,1,0.0
0.0004,85,31,1,0,693,0,0,1,1,0.0
0.0004,85,32,1,0,693,0,0,1,1,0.0
0.0004,85,33,1,0,693,0,0,1,1,0.0
0.0004,85,34,1,0,693,0,0,1,1,0.0
0.0004,85,35,1,0,693,0,0,1,1,0.0
0.0004,85,36,11,1,692,0,0,1,1,0.0
0.0004,85,37,1,0,693,0,0,1,1,0.0
0.0004,85,38,1,0,693,0,0,1,1,0.0
0.0004,85,39,1,0,693,0,0,1,1,0.0
0.0004,85,40,10,1,692,0,0,1,1,0.0
0.0004,85,41,1,0,693,0,0,1,1,0.0
0.0004,85,42,1,0,693,0,0,1,1,0.0
0.0004,85,43,1,0,693,0,0,1,1,0.0
0.0004,85,44,1,0,693,0,0,1,1,0.0
0.0004,85,45,10,1,692,0,0,1,1,0.0
0.0004,85,46,1,0,693,0,0,1,1,0.0
0.0004,85,47,10,1,692,0,0,1,1,0.0
0.0004,85,48,16,2,691,0,0,1,1,0.0
0.0004,85,49,1,0,693,0,0,1,1,0.0
0.0004,85,50,1,0,693,0,0,1,1,0.0
0.0004,85,51,1,0,693,0,0,1,1,0.0
0.0004,85,52,1,0,693,0,0,1,1,0.0
0.0004,85,53,1,0,693,0,0,1,1,0.0
0.0004,85,54,10,1,692,0,0,1,1,0.0
0.0004,85,55,1,0,693,0,0,1,1,0.0
0.0004,85,56,1,0,693,0,0,1,1,0.0
0.0004,85,57,1,0,693,0,0,1,1,0.0
0.0004,85,58,11,1,692,0,0,1,1,0.0
0.0004,85,59,1,0,693,0,0,1,1,0.0
0.0004,85,60,1,0,693,0,0,1,1,0.0
0.0004,85,61,1,0,693,0,0,1,1,0.0
0.0004,85,62,1,0,693,0,0,1,1,0.0
0.0004,85,63,1,0,693,0,0,1,1,0.0
0.0004,85,64,1,0,693,0,0,1,1,0.0
0.0004,85,65,11,1,692,0,0,1,1,0.0
0.0004,85,66,19,2,691,0,0,1,1,0.0
0.0004,85,67,10,1,692,0,0,1,1,0.0
0.0004,85,68,1,0,693,0,0,1,1,0.0
0.0004,85,69,11,1,692,0,0,1,1,0.0
0.0004,85,70,1,0,693,0,0,1,1,0.0
0.0004,85,71,1,0,693,0,0,1,1,0.0
0.0004,85,72,1,0,693,0,0,1,1,0.0
0.0004,85,73,1,0,693,0,0,1,1,0.0
0.0004,85,74,11,1,692,0,0,1,1,0.0
0.0004,85,75,1,0,693,0,0,1,1,0.0
0.0004,85,76,10,1,692,0,0,1,1,0.0
0.0004,85,77,1,0,693,0,0,1,1,0.0
0.0004,85,78,1,0,693,0,0,1,1,0.0
0.0004,85,79,11,1,692,0,0,1,1,0.0
0.0004,85,80,1,0,693,0,0,1,1,0.0
0.0004,85,81,11,1,692,0,0,1,1,0.0
0.0004,85,82,1,0,693,0,0,1,1,0.0
0.0004,85,83,10,1,692,0,0,1,1,0.0
0.0004,85,84,1,0,693,0,0,1,1,0.0
0.0005,10,0,11,1,692,0,0,1,1,0.0
0.0005,10,1,1,0,693,0,0,1,1,0.0
0.0005,10,2,1,0,693,0,0,1,1,0.0
0.0005,10,3,1,0,693,0,0,1,1,0.0
0.0005,10,4,10,1,692,0,0,1,1,0.0
0.0005,10,5,1,0,693,0,0,1,1,0.0
0.0005,10,6,1,0,693,0,0,1,1,0.0
0.0005,10,7,1,0,693,0,0,1,1,0.0
0.0005,10,8,1,0,693,0,0,1,1,0.0
0.0005,10,9,1,0,693,0,0,1,1,0.0
0.0005,35,0,1,0,693,0,0,1,1,0.0
0.0005,35,1,1,0,693,0,0,1,1,0.0
0.0005,35,2,1,0,693,0,0,1,1,0.0
0.0005,35,3,1,0,693,0,0,1,1,0.0
0.0005,35,4,1,0,693,0,0,1,1,0.0
0.0005,35,5,10,1,692,0,0,1,1,0.0
0.0005,35,6,1,0,693,0,0,1,1,0.0
0.0005,35,7,1,0,693,0,0,1,1,0.0
0.0005,35,8,1,0,693,0,0,1,1,0.0
0.0005,35,9,1,0,693,0,0,1,1,0.0
0.0005,35,10,1,0,693,0,0,1,1,0.0
0.0005,35,11,1,0,693,0,0,1,1,0.0
0.0005,35,12,10,1,692,0,0,1,1,0.0
0.0005,35,13,20,2,691,0,0,1,1,0.0
0.0005,35,14,11,1,692,0,0,1,1,0.0
0.0005,35,15,1,0,693,0,0,1,1,0.0
0.0005,35,16,1,0,693,0,0,1,1,0.0
0.0005,35,17,1,0,693,0,0,1,1,0.0
0.0005,35,18,1,0,693,0,0,1,1,0.0
0.0005,35,19,1,0,693,0,0,1,1,0.0
0.0005,35,20,1,0,693,0,0,1,1,0.0
0.0005,35,21,1,0,693,0,0,1,1,0.0
0.0005,35,22,1,0,693,0,0,1,1,0.0
0.0005,35,23,10,1,692,0,0,1,1,0.0
0.0005,35,24,1,0,693,0,0,1,1,0.0
0.0005,35,25,10,1,692,0,0,1,1,0.0
0.0005,35,26,1,0,693,0,0,1,1,0.0
0.0005,35,27,1,0,693,0,0,1,1,0.0
0.0005,35,28,1,0,693,0,0,1,1,0.0
0.0005,35,29,1,0,693,0,0,1,1,0.0
0.0005,35,30,1,0,693,0,0,1,1,0.0
0.0005,35,31,1,0,693,0,0,1,1,0.0
0.0005,35,32,1,0,693,0,0,1,1,0.0
0.0005,35,33,10,1,692,0,0,1,1,0.0
0.0005,35,34,1,0,693,0,0,1,1,0.0
0.0005,60,0,11,1,692,0,0,1,1,0.0
0.0005,60,1,1,0,693,0,0,1,1,0.0
0.0005,60,2,11,1,692,0,0,1,1,0.0
0.0005,60,3,1,0,693,0,0,1,1,0.0
0.0005,60,4,19,2,691,0,0,1,1,0.0
0.0005,60,5,1,0,693,0,0,1,1,0.0
0.0005,60,6,1,0,693,0,0,1,1,0.0
0.0005,60,7,1,0,693,0,0,1,1,0.0
0.0005,60,8,1,0,693,0,0,1,1,0.0
0.0005,60,9,1,0,693,0,0,1,1,0.0
0.0005,60,10,1,0,693,0,0,1,1,0.0
0.0005,60,11,10,1,692,0,0,1,1,0.0
0.0005,60,12,1,0,693,0,0,1,1,0.0
0.0005,60,13,10,1,692,0,0,1,1,0.0
0.0005,60,14,1,0,693,0,0,1,1,0.0
0.0005,60,15,1,0,693,0,0,1,1,0.0
0.0005,60,16,23,3,690,0,0,1,1,0.0
0.0005,60,17,1,0,693,0,0,1,1,0.0
0.0005,60,18,11,1,692,0,0,1,1,0.0
0.0005,60,19,10,1,692,0,0,1,1,0.0
0.0005,60,20,1,0,693,0,0,1,1,0.0
0.0005,60,21,10,1,692,0,0,1,1,0.0
0.0005,60,22,1,0,693,0,0,1,1,0.0
0.0005,60,23,1,0,693,0,0,1,1,0.0
0.0005,60,24,1,0,693,0,0,1,1,0.0
0.0005,60,25,1,0,693,0,0,1,1,0.0
0.0005,60,26,17,2,691,0,0,1,1,0.0
0.0005,60,27,1,0,693,0,0,1,1,0.0
0.0005,60,28,1,0,693,0,0,1,1,0.0
0.0005,60,29,1,0,693,0,0,1,1,0.0
0.0005,60,30,1,0,693,0,0,1,1,0.0
0.0005,60,31,1,0,693,0,0,1,1,0.0
0.0005,60,32,1,0,693,0,0,1,1,0.0
0.0005,60,33,10,1,692,0,0,1,1,0.0
0.0005,60,34,1,0,693,0,0,1,1,0.0
0.0005,60,35,1,0,693,0,0,1,1,0.0
0.0005,60,36,1,0,693,0,0,1,1,0.0
0.0005,60,37,19,2,691,0,0,1,1,0.0
0.0005,60,38,10,1,692,0,0,1,1,0.0
0.0005,60,39,1,0,693,0,0,1,1,0.0
0.0005,60,40,1,0,693,0,0,1,1,0.0
0.0005,60,41,1,0,693,0,0,1,1,0.0
0.0005,60,42,11,1,692,0,0,1,1,0.0
0.0005,60,43,1,0,693,0,0,1,1,0.0
0.0005,60,44,1,0,693,0,0,1,1,0.0
0.0005,60,45,1,0,693,0,0,1,1,0.0
0.0005,60,46,1,0,693,0,0,1,1,0.0
0.0005,60,47,10,1,692,0,0,1,1,0.0
0.0005,60,48,10,1,692,0,0,1,1,0.0
0.0005,60,49,1,0,693,0,0,1,1,0.0
0.0005,60,50,11,1,692,0,0,1,1,0.0
0.0005,60,51,11,1,692,0,0,1,1,0.0
0.0005,60,52,1,0,693,0,0,1,1,0.0
0.0005,60,53,10,1,692,0,0,1,1,0.0
0.0005,60,54,1,0,693,0,0,1,1,0.0
0.0005,60,55,1,0,693,0,0,1,1,0.0
0.0005,60,56,1,0,693,0,0,1,1,0.0
0.0005,60,57,11,1,692,0,0,1,1,0.0
0.0005,60,58,1,0,693,0,0,1,1,0.0
0.0005,60,59,1,0,693,0,0,1,1,0.0
0.0005,85,0,1,0,693,0,0,1,1,0.0
0.0005,85,1,10,1,692,0,0,1,1,0.0
0.0005,85,2,1,0,693,0,0,1,1,0.0
0.0005,85,3,18,2,691,0,0,1,1,0.0
0.0005,85,4,11,1,692,0,0,1,1,0.0
0.0005,85,5,1,0,693,0,0,1,1,0.0
0.0005,85,6,1,0,693,0,0,1,1,0.0
0.0005,85,7,1,0,693,0,0,1,1,0.0
0.0005,85,8,1,0,693,0,0,1,1,0.0
0.0005,85,9,11,1,692,0,0,1,1,0.0
0.0005,85,10,1,0,693,0,0,1,1,0.0
0.0005,85,11,1,0,693,0,0,1,1,0.0
0.0005,85,12,1,0,693,0,0,1,1,0.0
0.0005,85,13,11,1,692,0,0,1,1,0.0
0.0005,85,14,1,0,693,0,0,1,1,0.0
0.0005,85,15,10,1,692,0,0,1,1,0.0
0.0005,85,16,1,0,693,0,0,1,1,0.0
0.0005,85,17,1,0,693,0,0,1,1,0.0
0.0005,85,18,1,0,693,0,0,1,1,0.0
0.0005,85,19,1,0,693,0,0,1,1,0.0
0.0005,85,20,1,0,693,0,0,1,1,0.0
0.0005,85,21,1,0,693,0,0,1,1,0.0
0.0005,85,22,1,0,693,0,0,1,1,0.0
0.0005,85,23,1,0,693,0,0,1,1,0.0
0.0005,85,24,10,1,692,0,0,1,1,0.0
0.0005,85,25,1,0,693,0,0,1,1,0.0
0.0005,85,26,1,0,693,0,0,1,1,0.0
0.0005,85,27,1,0,693,0,0,1,1,0.0
0.0005,85,28,10,1,692,0,0,1,1,0.0
0.0005,85,29,1,0,693,0,0,1,1,0.0
0.0005,85,30,1,0,693,0,0,1,1,0.0
0.0005,85,31,1,0,693,0,0,1,1,0.0
0.0005,85,32,1,0,693,0,0,1,1,0.0
0.0005,85,33,1,0,693,0,0,1,1,0.0
0.0005,85,34,1,0,693,0,0,1,1,0.0
0.0005,85,35,1,0,693,0,0,1,1,0.0
0.0005,85,36,1,0,693,0,0,1,1,0.0
0.0005,85,37,1,0,693,0,0,1,1,0.0
0.0005,85,38,1,0,693,0,0,1,1,0.0
0.0005,85,39,1,0,693,0,0,1,1,0.0
0.0005,85,40,1,0,693,0,0,1,1,0.0
0.0005,85,41,11,1,692,0,0,1,1,0.0
0.0005,85,42,1,0,693,0,0,1,1,0.0
0.0005,85,43,1,0,693,0,0,1,1,0.0
0.0005,85,44,11,1,692,0,0,1,1,0.0
0.0005,85,45,1,0,693,0,0,1,1,0.0
0.0005,85,46,1,0,693,0,0,1,1,0.0
0.0005,85,47,1,0,693,0,0,1,1,0.0
0.0005,85,48,1,0,693,0,0,1,1,0.0
0.0005,85,49,1,0,693,0,0,1,1,0.0
0.0005,85,50,1,0,693,0,0,1,1,0.0
0.0005,85,51,11,1,692,0,0,1,1,0.0
0.0005,85,52,11,1,692,0,0,1,1,0.0
0.0005,85,53,1,0,693,0,0,1,1,0.0
0.0005,85,54,1,0,693,0,0,1,1,0.0
0.0005,85,55,10,1,692,0,0,1,1,0.0
0.0005,85,56,10,1,692,0,0,1,1,0.0
0.0005,85,57,11,1,692,0,0,1,1,0.0
0.0005,85,58,1,0,693,0,0,1,1,0.0
0.0005,85,59,1,0,693,0,0,1,1,0.0
0.0005,85,60,1,0,693,0,0,1,1,0.0
0.0005,85,61,11,1,692,0,0,1,1,0.0
0.0005,85,62,11,1,692,0,0,1,1,0.0
0.0005,85,63,1,0,693,0,0,1,1,0.0
0.0005,85,64,1,0,693,0,0,1,1,0.0
0.0005,85,65,11,1,692,0,0,1,1,0.0
0.0005,85,66,10,1,692,0,0,1,1,0.0
0.0005,85,67,10,1,692,0,0,1,1,0.0
0.0005,85,68,11,1,692,0,0,1,1,0.0
0.0005,85,69,11,1,692,0,0,1,1,0.0
0.0005,85,70,10,1,692,0,0,1,1,0.0
0.0005,85,71,1,0,693,0,0,1,1,0.0
0.0005,85,72,1,0,693,0,0,1,1,0.0
0.0005,85,73,10,1,692,0,0,1,1,0.0
0.0005,85,74,1,0,693,0,0,1,1,0.0
0.0005,85,75,1,0,693,0,0,1,1,0.0
0.0005,85,76,10,1,692,0,0,1,1,0.0
0.0005,85,77,1,0,693,0,0,1,1,0.0
0.0005,85,78,1,0,693,0,0,1,1,0.0
0.0005,85,79,1,0,693,0,0,1,1,0.0
0.0005,85,80,10,1,692,0,0,1,1,0.0
0.0005,85,81,1,0,693,0,0,1,1,0.0
0.0005,85,82,1,0,693,0,0,1,1,0.0
0.0005,85,83,1,0,693,0,0,1,1,0.0
0.0005,85,84,11,1,692,0,0,1,1,0.0
0.0006000000000000001,10,0,1,0,693,0,0,1,1,0.0
0.0006000000000000001,10,1,1,0,693,0,0,1,1,0.0
0.0006000000000000001,10,2,1,0,693,0,0,1,1,0.0
0.0006000000000000001,10,3,1,0,693,0,0,1,1,0.0
0.0006000000000000001,10,4,1,0,693,0,0,1,1,0.0
0.0006000000000000001,10,5,1,0,693,0,0,1,1,0.0
0.0006000000000000001,10,6,16,2,691,0,0,1,1,0.0
0.0006000000000000001,10,7,1,0,693,0,0,1,1,0.0
0.0006000000000000001,10,8,1,0,693,0,0,1,1,0.0
0.0006000000000000001,10,9,1,0,693,0,0,1,1,0.0
0.0006000000000000001,35,0,10,1,692,0,0,1,1,0.0
0.0006000000000000001,35,1,17,2,691,0,0,1,1,0.0
0.0006000000000000001,35,2,1,0,693,0,0,1,1,0.0
0.0006000000000000001,35,3,10,1,692,0,0,1,1,0.0
0.0006000000000000001,35,4,11,1,692,0,0,1,1,0.0
0.0006000000000000001,35,5,1,0,693,0,0,1,1,0.0
0.0006000000000000001,35,6,1,0,693,0,0,1,1,0.0
0.0006000000000000001,35,7,1,0,693,0,0,1,1,0.0
0.0006000000000000001,35,8,10,1,692,0,0,1,1,0.0
0.0006000000000000001,35,9,1,0,693,0,0,1,1,0.0
0.0006000000000000001,35,10,24,3,690,0,0,1,1,0.0
0.0006000000000000001,35,11,1,0,693,0,0,1,1,0.0
0.0006000000000000001,35,12,11,1,692,0,0,1,1,0.0
0.0006000000000000001,35,13,10,1,692,0,0,1,1,0.0
0.0006000000000000001,35,14,1,0,693,0,0,1,1,0.0
0.0006000000000000001,35,15,19,2,691,0,0,1,1,0.0
0.0006000000000000001,35,16,1,0,693,0,0,1,1,0.0
0.0006000000000000001,35,17,10,1,692,0,0,1,1,0.0
0.0006000000000000001,35,18,1,0,693,0,0,1,1,0.0
0.0006000000000000001,35,19,1,0,693,0,0,1,1,0.0
0.0006000000000000001,35,20,11,1,692,0,0,1,1,0.0
0.0006000000000000001,35,21,1,0,693,0,0,1,1,0.0
0.0006000000000000001,35,22,1,0,693,0,0,1,1,0.0
0.0006000000000000001,35,23,13,2,691,0,0,1,1,0.0
0.0006000000000000001,35,24,10,1,692,0,0,1,1,0.0
0.0006000000000000001,35,25,1,0,693,0,0,1,1,0.0
0.0006000000000000001,35,26,1,0,693,0,0,1,1,0.0
0.0006000000000000001,35,27,1,0,693,0,0,1,1,0.0
0.0006000000000000001,35,28,1,0,693,0,0,1,1,0.0
0.0006000000000000001,35,29,10,1,692,0,0,1,1,0.0
0.0006000000000000001,35,30,1,0,693,0,0,1,1,0.0
0.0006000000000000001,35,31,1,0,693,0,0,1,1,0.0
0.0006000000000000001,35,32,11,1,692,0,0,1,1,0.0
0.0006000000000000001,35,33,1,0,693,0,0,1,1,0.0
0.0006000000000000001,35,34,1,0,693,0,0,1,1,0.0
0.0006000000000000001,60,0,1,0,693,0,0,1,1,0.0
0.0006000000000000001,60,1,1,0,693,0,0,1,1,0.0
0.0006000000000000001,60,2,1,0,693,0,0,1,1,0.0
0.0006000000000000001,60,3,1,0,693,0,0,1,1,0.0
0.0006000000000000001,60,4,11,1,692,0,0,1,1,0.0
0.0006000000000000001,60,5,1,0,693,0,0,1,1,0.0
0.0006000000000000001,60,6,1,0,693,0,0,1,1,0.0
0.0006000000000000001,60,7,10,1,692,0,0,1,1,0.0
0.0006000000000000001,60,8,11,1,692,0,0,1,1,0.0
0.0006000000000000001,60,9,1,0,693,0,0,1,1,0.0
0.0006000000000000001,60,10,1,0,693,0,0,1,1,0.0
0.0006000000000000001,60,11,10,1,692,0,0,1,1,0.0
0.0006000000000000001,60,12,1,0,693,0,0,1,1,0.0
0.0006000000000000001,60,13,1,0,693,0,0,1,1,0.0
0.0006000000000000001,60,14,1,0,693,0,0,1,1,0.0
0.0006000000000000001,60,15,1,0,693,0,0,1,1,0.0
0.0006000000000000001,60,16,11,1,692,0,0,1,1,0.0
0.0006000000000000001,60,17,10,1,692,0,0,1,1,0.0
0.0006000000000000001,60,18,1,0,693,0,0,1,1,0.0
0.0006000000000000001,60,19,1,0,693,0,0,1,1,0.0
0.0006000000000000001,60,20,11,1,692,0,0,1,1,0.0
0.0006000000000000001,60,21,11,1,692,0,0,1,1,0.0
0.0006000000000000001,60,22,1,0,693,0,0,1,1,0.0
0.0006000000000000001,60,23,1,0,693,0,0,1,1,0.0
0.0006000000000000001,60,24,11,1,692,0,0,1,1,0.0
0.0006000000000000001,60,25,1,0,693,0,0,1,1,0.0
0.0006000000000000001,60,26,1,0,693,0,0,1,1,0.0
0.0006000000000000001,60,27,1,0,693,0,0,1,1,0.0
0.0006000000000000001,60,28,1,0,693,0,0,1,1,0.0
0.0006000000000000001,60,29,11,1,692,0,0,1,1,0.0
0.0006000000000000001,60,30,1,0,693,0,0,1,1,0.0
0.0006000000000000001,60,31,1,0,693,0,0,1,1,0.0
0.0006000000000000001,60,32,11,1,692,0,0,1,1,0.0
0.0006000000000000001,60,33,1,0,693,0,0,1,1,0.0
0.0006000000000000001,60,34,1,0,693,0,0,1,1,0.0
0.0006000000000000001,60,35,10,1,692,0,0,1,1,0.0
0.0006000000000000001,60,36,10,1,692,0,0,1,1,0.0
0.0006000000000000001,60,37,1,0,693,0,0,1,1,0.0
0.0006000000000000001,60,38,1,0,693,0,0,1,1,0.0
0.0006000000000000001,60,39,1,0,693,0,0,1,1,0.0
0.0006000000000000001,60,40,1,0,693,0,0,1,1,0.0
0.0006000000000000001,60,41,1,0,693,0,0,1,1,0.0
0.0006000000000000001,60,42,10,1,692,0,0,1,1,0.0
0.0006000000000000001,60,43,1,0,693,0,0,1,1,0.0
0.0006000000000000001,60,44,1,0,693,0,0,1,1,0.0
0.0006000000000000001,60,45,18,2,691,0,0,1,1,0.0
0.0006000000000000001,60,46,1,0,693,0,0,1,1,0.0
0.0006000000000000001,60,47,1,0,693,0,0,1,1,0.0
0.0006000000000000001,60,48,19,2,691,0,0,1,1,0.0
0.0006000000000000001,60,49,1,0,693,0,0,1,1,0.0
0.0006000000000000001,60,50,1,0,693,0,0,1,1,0.0
0.0006000000000000001,60,51,1,0,693,0,0,1,1,0.0
0.0006000000000000001,60,52,1,0,693,0,0,1,1,0.0
0.0006000000000000001,60,53,11,1,692,0,0,1,1,0.0
0.0006000000000000001,60,54,1,0,693,0,0,1,1,0.0
0.0006000000000000001,60,55,1,0,693,0,0,1,1,0.0
0.0006000000000000001,60,56,1,0,693,0,0,1,1,0.0
0.0006000000000000001,60,57,1,0,693,0,0,1,1,0.0
0.0006000000000000001,60,58,10,1,692,0,0,1,1,0.0
0.0006000000000000001,60,59,11,1,692,0,0,1,1,0.0
0.0006000000000000001,85,0,19,2,691,0,0,1,1,0.0
0.0006000000000000001,85,1,1,0,693,0,0,1,1,0.0
0.0006000000000000001,85,2,1,0,693,0,0,1,1,0.0
0.0006000000000000001,85,3,1,0,693,0,0,1,1,0.0
0.0006000000000000001,85,4,1,0,693,0,0,1,1,0.0
0.0006000000000000001,85,5,10,1,692,0,0,1,1,0.0
0.0006000000000000001,85,6,1,0,693,0,0,1,1,0.0
0.0006000000000000001,85,7,11,1,692,0,0,1,1,0.0
0.0006000000000000001,85,8,11,1,692,0,0,1,1,0.0
0.0006000000000000001,85,9,1,0,693,0,0,1,1,0.0
0.0006000000000000001,85,10,1,0,693,0,0,1,1,0.0
0.0006000000000000001,85,11,1,0,693,0,0,1,1,0.0
0.0006000000000000001,85,12,1,0,693,0,0,1,1,0.0
0.0006000000000000001,85,13,1,0,693,0,0,1,1,0.0
0.0006000000000000001,85,14,1,0,693,0,0,1,1,0.0
0.0006000000000000001,85,15,1,0,693,0,0,1,1,0.0
0.0006000000000000001,85,16,1,0,693,0,0,1,1,0.0
0.0006000000000000001,85,17,10,1,692,0,0,1,1,0.0
0.0006000000000000001,85,18,1,0,693,0,0,1,1,0.0
0.0006000000000000001,85,19,1,0,693,0,0,1,1,0.0
0.0006000000000000001,85,20,10,1,692,0,0,1,1,0.0
0.0006000000000000001,85,21,1,0,693,0,0,1,1,0.0
0.0006000000000000001,85,22,18,2,691,0,0,1,1,0.0
0.0006000000000000001,85,23,1,0,693,0,0,1,1,0.0
0.0006000000000000001,85,24,1,0,693,0,0,1,1,0.0
0.0006000000000000001,85,25,10,1,692,0,0,1,1,0.0
0.0006000000000000001,85,26,1,0,693,0,0,1,1,0.0
0.0006000000000000001,85,27,10,1,692,0,0,1,1,0.0
0.0006000000000000001,85,28,1,0,693,0,0,1,1,0.0
0.0006000000000000001,85,29,1,0,693,0,0,1,1,0.0
0.0006000000000000001,85,30,1,0,693,0,0,1,1,0.0
0.0006000000000000001,85,31,18,2,691,0,0,1,1,0.0
0.0006000000000000001,85,32,1,0,693,0,0,1,1,0.0
0.0006000000000000001,85,33,10,1,692,0,0,1,1,0.0
0.0006000000000000001,85,34,1,0,693,0,0,1,1,0.0
0.0006000000000000001,85,35,11,1,692,0,0,1,1,0.0
0.0006000000000000001,85,36,1,0,693,0,0,1,1,0.0
0.0006000000000000001,85,37,1,0,693,0,0,1,1,0.0
0.0006000000000000001,85,38,11,1,692,0,0,1,1,0.0
0.0006000000000000001,85,39,19,2,691,0,0,1,1,0.0
0.0006000000000000001,85,40,1,0,693,0,0,1,1,0.0
0.0006000000000000001,85,41,1,0,693,0,0,1,1,0.0
0.0006000000000000001,85,42,1,0,693,0,0,1,1,0.0
0.0006000000000000001,85,43,1,0,693,0,0,1,1,0.0
0.0006000000000000001,85,44,1,0,693,0,0,1,1,0.0
0.0006000000000000001,85,45,1,0,693,0,0,1,1,0.0
0.0006000000000000001,85,46,1,0,693,0,0,1,1,0.0
0.0006000000000000001,85,47,1,0,693,0,0,1,1,0.0
0.0006000000000000001,85,48,1,0,693,0,0,1,1,0.0
0.0006000000000000001,85,49,17,2,691,0,0,1,1,0.0
0.0006000000000000001,85,50,1,0,693,0,0,1,1,0.0
0.0006000000000000001,85,51,24,3,690,0,0,1,1,0.0
0.0006000000000000001,85,52,11,1,692,0,0,1,1,0.0
0.0006000000000000001,85,53,10,1,692,0,0,1,1,0.0
0.0006000000000000001,85,54,11,1,692,0,0,1,1,0.0
0.0006000000000000001,85,55,1,0,693,0,0,1,1,0.0
0.0006000000000000001,85,56,10,1,692,0,0,1,1,0.0
0.0006000000000000001,85,57,1,0,693,0,0,1,1,0.0
0.0006000000000000001,85,58,1,0,693,0,0,1,1,0.0
0.0006000000000000001,85,59,1,0,693,0,0,1,1,0.0
0.0006000000000000001,85,60,1,0,693,0,0,1,1,0.0
0.0006000000000000001,85,61,10,1,692,0,0,1,1,0.0
0.0006000000000000001,85,62,1,0,693,0,0,1,1,0.0
0.0006000000000000001,85,63,10,1,692,0,0,1,1,0.0
0.0006000000000000001,85,64,11,1,692,0,0,1,1,0.0
0.0006000000000000001,85,65,10,1,692,0,0,1,1,0.0
0.0006000000000000001,85,66,11,1,692,0,0,1,1,0.0
0.0006000000000000001,85,67,10,1,692,0,0,1,1,0.0
0.0006000000000000001,85,68,1,0,693,0,0,1,1,0.0
0.0006000000000000001,85,69,18,2,691,0,0,1,1,0.0
0.0006000000000000001,85,70,1,0,693,0,0,1,1,0.0
0.0006000000000000001,85,71,1,0,693,0,0,1,1,0.0
0.0006000000000000001,85,72,1,0,693,0,0,1,1,0.0
0.0006000000000000001,85,73,1,0,693,0,0,1,1,0.0
0.0006000000000000001,85,74,19,2,691,0,0,1,1,0.0
0.0006000000000000001,85,75,1,0,693,0,0,1,1,0.0
0.0006000000000000001,85,76,11,1,692,0,0,1,1,0.0
0.0006000000000000001,85,77,10,1,692,0,0,1,1,0.0
0.0006000000000000001,85,78,1,0,693,0,0,1,1,0.0
0.0006000000000000001,85,79,18,2,691,0,0,1,1,0.0
0.0006000000000000001,85,80,18,2,691,0,0,1,1,0.0
0.0006000000000000001,85,81,11,1,692,0,0,1,1,0.0
0.0006000000000000001,85,82,1,0,693,0,0,1,1,0.0
0.0006000000000000001,85,83,1,0,693,0,0,1,1,0.0
0.0006000000000000001,85,84,1,0,693,0,0,1,1,0.0
0.0007000000000000001,10,0,17,2,691,0,0,1,1,0.0
0.0007000000000000001,10,1,1,0,693,0,0,1,1,0.0
0.0007000000000000001,10,2,10,1,692,0,0,1,1,0.0
0.0007000000000000001,10,3,1,0,693,0,0,1,1,0.0
0.0007000000000000001,10,4,1,0,693,0,0,1,1,0.0
0.0007000000000000001,10,5,1,0,693,0,0,1,1,0.0
0.0007000000000000001,10,6,10,1,692,0,0,1,1,0.0
0.0007000000000000001,10,7,1,0,693,0,0,1,1,0.0
0.0007000000000000001,10,8,1,0,693,0,0,1,1,0.0
0.0007000000000000001,10,9,11,1,692,0,0,1,1,0.0
0.0007000000000000001,35,0,1,0,693,0,0,1,1,0.0
0.0007000000000000001,35,1,11,1,692,0,0,1,1,0.0
0.0007000000000000001,35,2,1,0,693,0,0,1,1,0.0
0.0007000000000000001,35,3,1,0,693,0,0,1,1,0.0
0.0007000000000000001,35,4,1,0,693,0,0,1,1,0.0
0.0007000000000000001,35,5,15,2,691,0,0,1,1,0.0
0.0007000000000000001,35,6,10,1,692,0,0,1,1,0.0
0.0007000000000000001,35,7,16,2,691,0,0,1,1,0.0
0.0007000000000000001,35,8,1,0,693,0,0,1,1,0.0
0.0007000000000000001,35,9,11,1,692,0,0,1,1,0.0
0.0007000000000000001,35,10,10,1,692,0,0,1,1,0.0
0.0007000000000000001,35,11,11,1,692,0,0,1,1,0.0
0.0007000000000000001,35,12,1,0,693,0,0,1,1,0.0
0.0007000000000000001,35,13,1,0,693,0,0,1,1,0.0
0.0007000000000000001,35,14,1,0,693,0,0,1,1,0.0
0.0007000000000000001,35,15,1,0,693,0,0,1,1,0.0
0.0007000000000000001,35,16,1,0,693,0,0,1,1,0.0
0.0007000000000000001,35,17,10,1,692,0,0,1,1,0.0
0.0007000000000000001,35,18,1,0,693,0,0,1,1,0.0
0.0007000000000000001,35,19,1,0,693,0,0,1,1,0.0
0.0007000000000000001,35,20,1,0,693,0,0,1,1,0.0
0.0007000000000000001,35,21,1,0,693,0,0,1,1,0.0
0.0007000000000000001,35,22,1,0,693,0,0,1,1,0.0
0.0007000000000000001,35,23,1,0,693,0,0,1,1,0.0
0.0007000000000000001,35,24,1,0,693,0,0,1,1,0.0
0.0007000000000000001,35,25,11,1,692,0,0,1,1,0.0
0.0007000000000000001,35,26,11,1,692,0,0,1,1,0.0
0.0007000000000000001,35,27,1,0,693,0,0,1,1,0.0
0.0007000000000000001,35,28,1,0,693,0,0,1,1,0.0
0.0007000000000000001,35,29,1,0,693,0,0,1,1,0.0
0.0007000000000000001,35,30,1,0,693,0,0,1,1,0.0
0.0007000000000000001,35,31,1,0,693,0,0,1,1,0.0
0.0007000000000000001,35,32,1,0,693,0,0,1,1,0.0
0.0007000000000000001,35,33,1,0,693,0,0,1,1,0.0
0.0007000000000000001,35,34,10,1,692,0,0,1,1,0.0
0.0007000000000000001,60,0,1,0,693,0,0,1,1,0.0
0.0007000000000000001,60,1,1,0,693,0,0,1,1,0.0
0.0007000000000000001,60,2,1,0,693,0,0,1,1,0.0
0.0007000000000000001,60,3,1,0,693,0,0,1,1,0.0
0.0007000000000000001,60,4,11,1,692,0,0,1,1,0.0
0.0007000000000000001,60,5,1,0,693,0,0,1,1,0.0
0.0007000000000000001,60,6,1,0,693,0,0,1,1,0.0
0.0007000000000000001,60,7,1,0,693,0,0,1,1,0.0
0.0007000000000000001,60,8,1,0,693,0,0,1,1,0.0
0.0007000000000000001,60,9,10,1,692,0,0,1,1,0.0
0.0007000000000000001,60,10,1,0,693,0,0,1,1,0.0
0.0007000000000000001,60,11,11,1,692,0,0,1,1,0.0
0.0007000000000000001,60,12,1,0,693,0,0,1,1,0.0
0.0007000000000000001,60,13,1,0,693,0,0,1,1,0.0
0.0007000000000000001,60,14,11,1,692,0,0,1,1,0.0
0.0007000000000000001,60,15,10,1,692,0,0,1,1,0.0
0.0007000000000000001,60,16,10,1,692,0,0,1,1,0.0
0.0007000000000000001,60,17,11,1,692,0,0,1,1,0.0
0.0007000000000000001,60,18,1,0,693,0,0,1,1,0.0
0.0007000000000000001,60,19,1,0,693,0,0,1,1,0.0
0.0007000000000000001,60,20,1,0,693,0,0,1,1,0.0
0.0007000000000000001,60,21,1,0,693,0,0,1,1,0.0
0.0007000000000000001,60,22,1,0,693,0,0,1,1,0.0
0.0007000000000000001,60,23,11,1,692,0,0,1,1,0.0
0.0007000000000000001,60,24,20,2,691,0,0,1,1,0.0
0.0007000000000000001,60,25,1,0,693,0,0,1,1,0.0
0.0007000000000000001,60,26,1,0,693,0,0,1,1,0.0
0.0007000000000000001,60,27,11,1,692,0,0,1,1,0.0
0.0007000000000000001,60,28,1,0,693,0,0,1,1,0.0
0.0007000000000000001,60,29,1,0,693,0,0,1,1,0.0
0.0007000000000000001,60,30,1,0,693,0,0,1,1,0.0
0.0007000000000000001,60,31,10,1,692,0,0,1,1,0.0
0.0007000000000000001,60,32,1,0,693,0,0,1,1,0.0
0.0007000000000000001,60,33,19,2,691,0,0,1,1,0.0
0.0007000000000000001,60,34,1,0,693,0,0,1,1,0.0
0.0007000000000000001,60,35,10,1,692,0,0,1,1,0.0
0.0007000000000000001,60,36,1,0,693,0,0,1,1,0.0
0.0007000000000000001,60,37,10,1,692,0,0,1,1,0.0
0.0007000000000000001,60,38,1,0,693,0,0,1,1,0.0
0.0007000000000000001,60,39,1,0,693,0,0,1,1,0.0
0.0007000000000000001,60,40,1,0,693,0,0,1,1,0.0
0.0007000000000000001,60,41,10,1,692,0,0,1,1,0.0
0.0007000000000000001,60,42,10,1,692,0,0,1,1,0.0
0.0007000000000000001,60,43,1,0,693,0,0,1,1,0.0
0.0007000000000000001,60,44,1,0,693,0,0,1,1,0.0
0.0007000000000000001,60,45,11,1,692,0,0,1,1,0.0
0.0007000000000000001,60,46,11,1,692,0,0,1,1,0.0
0.0007000000000000001,60,47,17,2,691,0,0,1,1,0.0
0.0007000000000000001,60,48,16,2,691,0,0,1,1,0.0
0.0007000000000000001,60,49,17,2,691,0,0,1,1,0.0
0.0007000000000000001,60,50,1,0,693,0,0,1,1,0.0
0.0007000000000000001,60,51,10,1,692,0,0,1,1,0.0
0.0007000000000000001,60,52,1,0,693,0,0,1,1,0.0
0.0007000000000000001,60,53,1,0,693,0,0,1,1,0.0
0.0007000000000000001,60,54,11,1,692,0,0,1,1,0.0
0.0007000000000000001,60,55,10,1,692,0,0,1,1,0.0
0.0007000000000000001,60,56,10,1,692,0,0,1,1,0.0
0.0007000000000000001,60,57,1,0,693,0,0,1,1,0.0
0.0007000000000000001,60,58,1,0,693,0,0,1,1,0.0
0.0007000000000000001,60,59,1,0,693,0,0,1,1,0.0
0.0007000000000000001,85,0,1,0,693,0,0,1,1,0.0
0.0007000000000000001,85,1,1,0,693,0,0,1,1,0.0
0.0007000000000000001,85,2,1,0,693,0,0,1,1,0.0
0.0007000000000000001,85,3,19,2,691,0,0,1,1,0.0
0.0007000000000000001,85,4,1,0,693,0,0,1,1,0.0
0.0007000000000000001,85,5,17,2,691,0,0,1,1,0.0
0.0007000000000000001,85,6,11,1,692,0,0,1,1,0.0
0.0007000000000000001,85,7,1,0,693,0,0,1,1,0.0
0.0007000000000000001,85,8,1,0,693,0,0,1,1,0.0
0.0007000000000000001,85,9,10,1,692,0,0,1,1,0.0
0.0007000000000000001,85,10,18,2,691,0,0,1,1,0.0
0.0007000000000000001,85,11,1,0,693,0,0,1,1,0.0
0.0007000000000000001,85,12,11,1,692,0,0,1,1,0.0
0.0007000000000000001,85,13,1,0,693,0,0,1,1,0.0
0.0007000000000000001,85,14,11,1,692,0,0,1,1,0.0
0.0007000000000000001,85,15,11,1,692,0,0,1,1,0.0
0.0007000000000000001,85,16,16,2,691,0,0,1,1,0.0
0.0007000000000000001,85,17,1,0,693,0,0,1,1,0.0
0.0007000000000000001,85,18,10,1,692,0,0,1,1,0.0
0.0007000000000000001,85,19,1,0,693,0,0,1,1,0.0
0.0007000000000000001,85,20,1,0,693,0,0,1,1,0.0
0.0007000000000000001,85,21,10,1,692,0,0,1,1,0.0
0.0007000000000000001,85,22,1,0,693,0,0,1,1,0.0
0.0007000000000000001,85,23,11,1,692,0,0,1,1,0.0
0.0007000000000000001,85,24,11,1,692,0,0,1,1,0.0
0.0007000000000000001,85,25,20,2,691,0,0,1,1,0.0
0.0007000000000000001,85,26,1,0,693,0,0,1,1,0.0
0.0007000000000000001,85,27,1,0,693,0,0,1,1,0.0
0.0007000000000000001,85,28,1,0,693,0,0,1,1,0.0
0.0007000000000000001,85,29,1,0,693,0,0,1,1,0.0
0.0007000000000000001,85,30,10,1,692,0,0,1,1,0.0
0.0007000000000000001,85,31,1,0,693,0,0,1,1,0.0
0.0007000000000000001,85,32,11,1,692,0,0,1,1,0.0
0.0007000000000000001,85,33,19,2,691,0,0,1,1,0.0
0.0007000000000000001,85,34,1,0,693,0,0,1,1,0.0
0.0007000000000000001,85,35,1,0,693,0,0,1,1,0.0
0.0007000000000000001,85,36,16,2,691,0,0,1,1,0.0
0.0007000000000000001,85,37,1,0,693,0,0,1,1,0.0
0.0007000000000000001,85,38,1,0,693,0,0,1,1,0.0
0.0007000000000000001,85,39,1,0,693,0,0,1,1,0.0
0.0007000000000000001,85,40,10,1,692,0,0,1,1,0.0
0.0007000000000000001,85,41,10,1,692,0,0,1,1,0.0
0.0007000000000000001,85,42,1,0,693,0,0,1,1,0.0
0.0007000000000000001,85,43,11,1,692,0,0,1,1,0.0
0.0007000000000000001,85,44,1,0,693,0,0,1,1,0.0
0.0007000000000000001,85,45,1,0,693,0,0,1,1,0.0
0.0007000000000000001,85,46,1,0,693,0,0,1,1,0.0
0.0007000000000000001,85,47,10,1,692,0,0,1,1,0.0
0.0007000000000000001,85,48,1,0,693,0,0,1,1,0.0
0.0007000000000000001,85,49,1,0,693,0,0,1,1,0.0
0.0007000000000000001,85,50,1,0,693,0,0,1,1,0.0
0.0007000000000000001,85,51,11,1,692,0,0,1,1,0.0
0.0007000000000000001,85,52,1,0,693,0,0,1,1,0.0
0.0007000000000000001,85,53,1,0,693,0,0,1,1,0.0
0.0007000000000000001,85,54,1,0,693,0,0,1,1,0.0
0.0007000000000000001,85,55,1,0,693,0,0,1,1,0.0
0.0007000000000000001,85,56,1,0,693,0,0,1,1,0.0
0.0007000000000000001,85,57,1,0,693,0,0,1,1,0.0
0.0007000000000000001,85,58,17,2,691,0,0,1,1,0.0
0.0007000000000000001,85,59,1,0,693,0,0,1,1,0.0
0.0007000000000000001,85,60,1,0,693,0,0,1,1,0.0
0.0007000000000000001,85,61,1,0,693,0,0,1,1,0.0
0.0007000000000000001,85,62,1,0,693,0,0,1,1,0.0
0.0007000000000000001,85,63,11,1,692,0,0,1,1,0.0
0.0007000000000000001,85,64,1,0,693,0,0,1,1,0.0
0.0007000000000000001,85,65,11,1,692,0,0,1,1,0.0
0.0007000000000000001,85,66,1,0,693,0,0,1,1,0.0
0.0007000000000000001,85,67,10,1,692,0,0,1,1,0.0
0.0007000000000000001,85,68,1,0,693,0,0,1,1,0.0
0.0007000000000000001,85,69,1,0,693,0,0,1,1,0.0
0.0007000000000000001,85,70,1,0,693,0,0,1,1,0.0
0.0007000000000000001,85,71,1,0,693,0,0,1,1,0.0
0.0007000000000000001,85,72,1,0,693,0,0,1,1,0.0
0.0007000000000000001,85,73,1,0,693,0,0,1,1,0.0
0.0007000000000000001,85,74,10,1,692,0,0,1,1,0.0
0.0007000000000000001,85,75,1,0,693,0,0,1,1,0.0
0.0007000000000000001,85,76,11,1,692,0,0,1,1,0.0
0.0007000000000000001,85,77,1,0,693,0,0,1,1,0.0
0.0007000000000000001,85,78,1,0,693,0,0,1,1,0.0
0.0007000000000000001,85,79,1,0,693,0,0,1,1,0.0
0.0007000000000000001,85,80,1,0,693,0,0,1,1,0.0
0.0007000000000000001,85,81,1,0,693,0,0,1,1,0.0
0.0007000000000000001,85,82,1,0,693,0,0,1,1,0.0
0.0007000000000000001,85,83,1,0,693,0,0,1,1,0.0
0.0007000000000000001,85,84,1,0,693,0,0,1,1,0.0
0.0008,10,0,1,0,693,0,0,1,1,0.0
0.0008,10,1,1,0,693,0,0,1,1,0.0
0.0008,10,2,1,0,693,0,0,1,1,0.0
0.0008,10,3,27,3,690,0,0,1,1,0.0
0.0008,10,4,11,1,692,0,0,1,1,0.0
0.0008,10,5,18,2,691,0,0,1,1,0.0
0.0008,10,6,1,0,693,0,0,1,1,0.0
0.0008,10,7,1,0,693,0,0,1,1,0.0
0.0008,10,8,1,0,693,0,0,1,1,0.0
0.0008,10,9,1,0,693,0,0,1,1,0.0
0.0008,35,0,10,1,692,0,0,1,1,0.0
0.0008,35,1,1,0,693,0,0,1,1,0.0
0.0008,35,2,11,1,692,0,0,1,1,0.0
0.0008,35,3,1,0,693,0,0,1,1,0.0
0.0008,35,4,1,0,693,0,0,1,1,0.0
0.0008,35,5,1,0,693,0,0,1,1,0.0
0.0008,35,6,11,1,692,0,0,1,1,0.0
0.0008,35,7,1,0,693,0,0,1,1,0.0
0.0008,35,8,10,1,692,0,0,1,1,0.0
0.0008,35,9,1,0,693,0,0,1,1,0.0
0.0008,35,10,1,0,693,0,0,1,1,0.0
0.0008,35,11,1,0,693,0,0,1,1,0.0
0.0008,35,12,1,0,693,0,0,1,1,0.0
0.0008,35,13,1,0,693,0,0,1,1,0.0
0.0008,35,14,1,0,693,0,0,1,1,0.0
0.0008,35,15,1,0,693,0,0,1,1,0.0
0.0008,35,16,1,0,693,0,0,1,1,0.0
0.0008,35,17,11,1,692,0,0,1,1,0.0
0.0008,35,18,1,0,693,0,0,1,1,0.0
0.0008,35,19,11,1,692,0,0,1,1,0.0
0.0008,35,20,1,0,693,0,0,1,1,0.0
0.0008,35,21,1,0,693,0,0,1,1,0.0
0.0008,35,22,1,0,693,0,0,1,1,0.0
0.0008,35,23,17,2,691,0,0,1,1,0.0
0.0008,35,24,10,1,692,0,0,1,1,0.0
0.0008,35,25,11,1,692,0,0,1,1,0.0
0.0008,35,26,10,1,692,0,0,1,1,0.0
0.0008,35,27,1,0,693,0,0,1,1,0.0
0.0008,35,28,1,0,693,0,0,1,1,0.0
0.0008,35,29,1,0,693,0,0,1,1,0.0
0.0008,35,30,1,0,693,0,0,1,1,0.0
0.0008,35,31,1,0,693,0,0,1,1,0.0
0.0008,35,32,1,0,693,0,0,1,1,0.0
0.0008,35,33,10,1,692,0,0,1,1,0.0
0.0008,35,34,1,0,693,0,0,1,1,0.0
0.0008,60,0,1,0,693,0,0,1,1,0.0
0.0008,60,1,1,0,693,0,0,1,1,0.0
0.0008,60,2,1,0,693,0,0,1,1,0.0
0.0008,60,3,10,1,692,0,0,1,1,0.0
0.0008,60,4,1,0,693,0,0,1,1,0.0
0.0008,60,5,11,1,692,0,0,1,1,0.0
0.0008,60,6,1,0,693,0,0,1,1,0.0
0.0008,60,7,1,0,693,0,0,1,1,0.0
0.0008,60,8,1,0,693,0,0,1,1,0.0
0.0008,60,9,19,2,691,0,0,1,1,0.0
0.0008,60,10,10,1,692,0,0,1,1,0.0
0.0008,60,11,1,0,693,0,0,1,1,0.0
0.0008,60,12,10,1,692,0,0,1,1,0.0
0.0008,60,13,1,0,693,0,0,1,1,0.0
0.0008,60,14,19,2,691,0,0,1,1,0.0
0.0008,60,15,11,1,692,0,0,1,1,0.0
0.0008,60,16,1,0,693,0,0,1,1,0.0
0.0008,60,17,1,0,693,0,0,1,1,0.0
0.0008,60,18,1,0,693,0,0,1,1,0.0
0.0008,60,19,11,1,692,0,0,1,1,0.0
0.0008,60,20,1,0,693,0,0,1,1,0.0
0.0008,60,21,10,1,692,0,0,1,1,0.0
0.0008,60,22,1,0,693,0,0,1,1,0.0
0.0008,60,23,1,0,693,0,0,1,1,0.0
0.0008,60,24,1,0,693,0,0,1,1,0.0
0.0008,60,25,1,0,693,0,0,1,1,0.0
0.0008,60,26,1,0,693,0,0,1,1,0.0
0.0008,60,27,1,0,693,0,0,1,1,0.0
0.0008,60,28,1,0,693,0,0,1,1,0.0
0.0008,60,29,1,0,693,0,0,1,1,0.0
0.0008,60,30,11,1,692,0,0,1,1,0.0
0.0008,60,31,1,0,693,0,0,1,1,0.0
0.0008,60,32,1,0,693,0,0,1,1,0.0
0.0008,60,33,1,0,693,0,0,1,1,0.0
0.0008,60,34,11,1,692,0,0,1,1,0.0
0.0008,60,35,1,0,693,0,0,1,1,0.0
0.0008,60,36,1,0,693,0,0,1,1,0.0
0.0008,60,37,1,0,693,0,0,1,1,0.0
0.0008,60,38,11,1,692,0,0,1,1,0.0
0.0008,60,39,1,0,693,0,0,1,1,0.0
0.0008,60,40,1,0,693,0,0,1,1,0.0
0.0008,60,41,10,1,692,0,0,1,1,0.0
0.0008,60,42,1,0,693,0,0,1,1,0.0
0.0008,60,43,10,1,692,0,0,1,1,0.0
0.0008,60,44,10,1,692,0,0,1,1,0.0
0.0008,60,45,1,0,693,0,0,1,1,0.0
0.0008,60,46,1,0,693,0,0,1,1,0.0
0.0008,60,47,17,2,691,0,0,1,1,0.0
0.0008,60,48,1,0,693,0,0,1,1,0.0
0.0008,60,49,1,0,693,0,0,1,1,0.0
0.0008,60,50,10,1,692,0,0,1,1,0.0
0.0008,60,51,10,1,692,0,0,1,1,0.0
0.0008,60,52,10,1,692,0,0,1,1,0.0
0.0008,60,53,1,0,693,0,0,1,1,0.0
0.0008,60,54,1,0,693,0,0,1,1,0.0
0.0008,60,55,11,1,692,0,0,1,1,0.0
0.0008,60,56,1,0,693,0,0,1,1,0.0
0.0008,60,57,1,0,693,0,0,1,1,0.0
0.0008,60,58,1,0,693,0,0,1,1,0.0
0.0008,60,59,10,1,692,0,0,1,1,0.0
0.0008,85,0,1,0,693,0,0,1,1,0.0
0.0008,85,1,1,0,693,0,0,1,1,0.0
0.0008,85,2,1,0,693,0,0,1,1,0.0
0.0008,85,3,10,1,692,0,0,1,1,0.0
0.0008,85,4,10,1,692,0,0,1,1,0.0
0.0008,85,5,1,0,693,0,0,1,1,0.0
0.0008,85,6,1,0,693,0,0,1,1,0.0
0.0008,85,7,10,1,692,0,0,1,1,0.0
0.0008,85,8,1,0,693,0,0,1,1,0.0
0.0008,85,9,19,2,691,0,0,1,1,0.0
0.0008,85,10,1,0,693,0,0,1,1,0.0
0.0008,85,11,22,3,690,0,0,1,1,0.0
0.0008,85,12,10,1,692,0,0,1,1,0.0
0.0008,85,13,1,0,693,0,0,1,1,0.0
0.0008,85,14,10,1,692,0,0,1,1,0.0
0.0008,85,15,1,0,693,0,0,1,1,0.0
0.0008,85,16,11,1,692,0,0,1,1,0.0
0.0008,85,17,10,1,692,0,0,1,1,0.0
0.0008,85,18,10,1,692,0,0,1,1,0.0
0.0008,85,19,10,1,692,0,0,1,1,0.0
0.0008,85,20,11,1,692,0,0,1,1,0.0
0.0008,85,21,20,2,691,0,0,1,1,0.0
0.0008,85,22,1,0,693,0,0,1,1,0.0
0.0008,85,23,20,2,691,0,0,1,1,0.0
0.0008,85,24,1,0,693,0,0,1,1,0.0
0.0008,85,25,1,0,693,0,0,1,1,0.0
0.0008,85,26,1,0,693,0,0,1,1,0.0
0.0008,85,27,1,0,693,0,0,1,1,0.0
0.0008,85,28,1,0,693,0,0,1,1,0.0
0.0008,85,29,1,0,693,0,0,1,1,0.0
0.0008,85,30,1,0,693,0,0,1,1,0.0
0.0008,85,31,17,2,691,0,0,1,1,0.0
0.0008,85,32,11,1,692,0,0,1,1,0.0
0.0008,85,33,1,0,693,0,0,1,1,0.0
0.0008,85,34,10,1,692,0,0,1,1,0.0
0.0008,85,35,1,0,693,0,0,1,1,0.0
0.0008,85,36,10,1,692,0,0,1,1,0.0
0.0008,85,37,11,1,692,0,0,1,1,0.0
0.0008,85,38,1,0,693,0,0,1,1,0.0
0.0008,85,39,1,0,693,0,0,1,1,0.0
0.0008,85,40,1,0,693,0,0,1,1,0.0
0.0008,85,41,10,1,692,0,0,1,1,0.0
0.0008,85,42,1,0,693,0,0,1,1,0.0
0.0008,85,43,1,0,693,0,0,1,1,0.0
0.0008,85,44,25,3,690,0,0,1,1,0.0
0.0008,85,45,1,0,693,0,0,1,1,0.0
0.0008,85,46,1,0,693,0,0,1,1,0.0
0.0008,85,47,1,0,693,0,0,1,1,0.0
0.0008,85,48,18,2,691,0,0,1,1,0.0
0.0008,85,49,19,2,691,0,0,1,1,0.0
0.0008,85,50,1,0,693,0,0,1,1,0.0
0.0008,85,51,11,1,692,0,0,1,1,0.0
0.0008,85,52,18,2,691,0,0,1,1,0.0
0.0008,85,53,1,0,693,0,0,1,1,0.0
0.0008,85,54,10,1,692,0,0,1,1,0.0
0.0008,85,55,1,0,693,0,0,1,1,0.0
0.0008,85,56,1,0,693,0,0,1,1,0.0
0.0008,85,57,1,0,693,0,0,1,1,0.0
0.0008,85,58,11,1,692,0,0,1,1,0.0
0.0008,85,59,1,0,693,0,0,1,1,0.0
0.0008,85,60,1,0,693,0,0,1,1,0.0
0.0008,85,61,19,2,691,0,0,1,1,0.0
0.0008,85,62,1,0,693,0,0,1,1,0.0
0.0008,85,63,20,2,691,0,0,1,1,0.0
0.0008,85,64,1,0,693,0,0,1,1,0.0
0.0008,85,65,11,1,692,0,0,1,1,0.0
0.0008,85,66,1,0,693,0,0,1,1,0.0
0.0008,85,67,1,0,693,0,0,1,1,0.0
0.0008,85,68,1,0,693,0,0,1,1,0.0
0.0008,85,69,1,0,693,0,0,1,1,0.0
0.0008,85,70,1,0,693,0,0,1,1,0.0
0.0008,85,71,1,0,693,0,0,1,1,0.0
0.0008,85,72,1,0,693,0,0,1,1,0.0
0.0008,85,73,1,0,693,0,0,1,1,0.0
0.0008,85,74,1,0,693,0,0,1,1,0.0
0.0008,85,75,1,0,693,0,0,1,1,0.0
0.0008,85,76,10,1,692,0,0,1,1,0.0
0.0008,85,77,1,0,693,0,0,1,1,0.0
0.0008,85,78,1,0,693,0,0,1,1,0.0
0.0008,85,79,10,1,692,0,0,1,1,0.0
0.0008,85,80,11,1,692,0,0,1,1,0.0
0.0008,85,81,1,0,693,0,0,1,1,0.0
0.0008,85,82,18,2,691,0,0,1,1,0.0
0.0008,85,83,1,0,693,0,0,1,1,0.0
0.0008,85,84,1,0,693,0,0,1,1,0.0
0.0009000000000000001,10,0,11,1,692,0,0,1,1,0.0
0.0009000000000000001,10,1,11,1,692,0,0,1,1,0.0
0.0009000000000000001,10,2,10,1,692,0,0,1,1,0.0
0.0009000000000000001,10,3,1,0,693,0,0,1,1,0.0
0.0009000000000000001,10,4,10,1,692,0,0,1,1,0.0
0.0009000000000000001,10,5,27,3,690,0,0,1,1,0.0
0.0009000000000000001,10,6,1,0,693,0,0,1,1,0.0
0.0009000000000000001,10,7,17,2,691,0,0,1,1,0.0
0.0009000000000000001,10,8,10,1,692,0,0,1,1,0.0
0.0009000000000000001,10,9,1,0,693,0,0,1,1,0.0
0.0009000000000000001,35,0,20,2,691,0,0,1,1,0.0
0.0009000000000000001,35,1,1,0,693,0,0,1,1,0.0
0.0009000000000000001,35,2,1,0,693,0,0,1,1,0.0
0.0009000000000000001,35,3,11,1,692,0,0,1,1,0.0
0.0009000000000000001,35,4,10,1,692,0,0,1,1,0.0
0.0009000000000000001,35,5,10,1,692,0,0,1,1,0.0
0.0009000000000000001,35,6,10,1,692,0,0,1,1,0.0
0.0009000000000000001,35,7,10,1,692,0,0,1,1,0.0
0.0009000000000000001,35,8,11,1,692,0,0,1,1,0.0
0.0009000000000000001,35,9,1,0,693,0,0,1,1,0.0
0.0009000000000000001,35,10,10,1,692,0,0,1,1,0.0
0.0009000000000000001,35,11,1,0,693,0,0,1,1,0.0
0.0009000000000000001,35,12,1,0,693,0,0,1,1,0.0
0.0009000000000000001,35,13,1,0,693,0,0,1,1,0.0
0.0009000000000000001,35,14,10,1,692,0,0,1,1,0.0
0.0009000000000000001,35,15,10,1,692,0,0,1,1,0.0
0.0009000000000000001,35,16,10,1,692,0,0,1,1,0.0
0.0009000000000000001,35,17,11,1,692,0,0,1,1,0.0
0.0009000000000000001,35,18,11,1,692,0,0,1,1,0.0
0.0009000000000000001,35,19,11,1,692,0,0,1,1,0.0
0.0009000000000000001,35,20,11,1,692,0,0,1,1,0.0
0.0009000000000000001,35,21,11,1,692,0,0,1,1,0.0
0.0009000000000000001,35,22,1,0,693,0,0,1,1,0.0
0.0009000000000000001,35,23,1,0,693,0,0,1,1,0.0
0.0009000000000000001,35,24,1,0,693,0,0,1,1,0.0
0.0009000000000000001,35,25,1,0,693,0,0,1,1,0.0
0.0009000000000000001,35,26,10,1,692,0,0,1,1,0.0
0.0009000000000000001,35,27,15,2,691,0,0,1,1,0.0
0.0009000000000000001,35,28,10,1,692,0,0,1,1,0.0
0.0009000000000000001,35,29,1,0,693,0,0,1,1,0.0
0.0009000000000000001,35,30,1,0,693,0,0,1,1,0.0
0.0009000000000000001,35,31,17,2,691,0,0,1,1,0.0
0.0009000000000000001,35,32,1,0,693,0,0,1,1,0.0
0.0009000000000000001,35,33,1,0,693,0,0,1,1,0.0
0.0009000000000000001,35,34,1,0,693,0,0,1,1,0.0
0.0009000000000000001,60,0,10,1,692,0,0,1,1,0.0
0.0009000000000000001,60,1,10,1,692,0,0,1,1,0.0
0.0009000000000000001,60,2,1,0,693,0,0,1,1,0.0
0.0009000000000000001,60,3,10,1,692,0,0,1,1,0.0
0.0009000000000000001,60,4,11,1,692,0,0,1,1,0.0
0.0009000000000000001,60,5,1,0,693,0,0,1,1,0.0
0.0009000000000000001,60,6,1,0,693,0,0,1,1,0.0
0.0009000000000000001,60,7,1,0,693,0,0,1,1,0.0
0.0009000000000000001,60,8,11,1,692,0,0,1,1,0.0
0.0009000000000000001,60,9,1,0,693,0,0,1,1,0.0
0.0009000000000000001,60,10,17,2,691,0,0,1,1,0.0
0.0009000000000000001,60,11,25,3,690,0,0,1,1,0.0
0.0009000000000000001,60,12,1,0,693,0,0,1,1,0.0
0.0009000000000000001,60,13,1,0,693,0,0,1,1,0.0
0.0009000000000000001,60,14,1,0,693,0,0,1,1,0.0
0.0009000000000000001,60,15,28,3,690,0,0,1,1,0.0
0.0009000000000000001,60,16,1,0,693,0,0,1,1,0.0
0.0009000000000000001,60,17,1,0,693,0,0,1,1,0.0
0.0009000000000000001,60,18,10,1,692,0,0,1,1,0.0
0.0009000000000000001,60,19,18,2,691,0,0,1,1,0.0
0.0009000000000000001,60,20,1,0,693,0,0,1,1,0.0
0.0009000000000000001,60,21,1,0,693,0,0,1,1,0.0
0.0009000000000000001,60,22,10,1,692,0,0,1,1,0.0
0.0009000000000000001,60,23,1,0,693,0,0,1,1,0.0
0.0009000000000000001,60,24,10,1,692,0,0,1,1,0.0
0.0009000000000000001,60,25,1,0,693,0,0,1,1,0.0
0.0009000000000000001,60,26,1,0,693,0,0,1,1,0.0
0.0009000000000000001,60,27,1,0,693,0,0,1,1,0.0
0.0009000000000000001,60,28,10,1,692,0,0,1,1,0.0
0.0009000000000000001,60,29,10,1,692,0,0,1,1,0.0
0.0009000000000000001,60,30,1,0,693,0,0,1,1,0.0
0.0009000000000000001,60,31,11,1,692,0,0,1,1,0.0
0.0009000000000000001,60,32,10,1,692,0,0,1,1,0.0
0.0009000000000000001,60,33,1,0,693,0,0,1,1,0.0
0.0009000000000000001,60,34,10,1,692,0,0,1,1,0.0
0.0009000000000000001,60,35,1,0,693,0,0,1,1,0.0
0.0009000000000000001,60,36,1,0,693,0,0,1,1,0.0
0.0009000000000000001,60,37,10,1,692,0,0,1,1,0.0
0.0009000000000000001,60,38,11,1,692,0,0,1,1,0.0
0.0009000000000000001,60,39,1,0,693,0,0,1,1,0.0
0.0009000000000000001,60,40,1,0,693,0,0,1,1,0.0
0.0009000000000000001,60,41,1,0,693,0,0,1,1,0.0
0.0009000000000000001,60,42,15,2,691,0,0,1,1,0.0
0.0009000000000000001,60,43,1,0,693,0,0,1,1,0.0
0.0009000000000000001,60,44,1,0,693,0,0,1,1,0.0
0.0009000000000000001,60,45,11,1,692,0,0,1,1,0.0
0.0009000000000000001,60,46,1,0,693,0,0,1,1,0.0
0.0009000000000000001,60,47,11,1,692,0,0,1,1,0.0
0.0009000000000000001,60,48,1,0,693,0,0,1,1,0.0
0.0009000000000000001,60,49,1,0,693,0,0,1,1,0.0
0.0009000000000000001,60,50,11,1,692,0,0,1,1,0.0
0.0009000000000000001,60,51,10,1,692,0,0,1,1,0.0
0.0009000000000000001,60,52,1,0,693,0,0,1,1,0.0
0.0009000000000000001,60,53,1,0,693,0,0,1,1,0.0
0.0009000000000000001,60,54,1,0,693,0,0,1,1,0.0
0.0009000000000000001,60,55,1,0,693,0,0,1,1,0.0
0.0009000000000000001,60,56,1,0,693,0,0,1,1,0.0
0.0009000000000000001,60,57,1,0,693,0,0,1,1,0.0
0.0009000000000000001,60,58,1,0,693,0,0,1,1,0.0
0.0009000000000000001,60,59,1,0,693,0,0,1,1,0.0
0.0009000000000000001,85,0,18,2,691,0,0,1,1,0.0
0.0009000000000000001,85,1,1,0,693,0,0,1,1,0.0
0.0009000000000000001,85,2,1,0,693,0,0,1,1,0.0
0.0009000000000000001,85,3,18,2,691,0,0,1,1,0.0
0.0009000000000000001,85,4,24,3,690,0,0,1,1,0.0
0.0009000000000000001,85,5,11,1,692,0,0,1,1,0.0
0.0009000000000000001,85,6,1,0,693,0,0,1,1,0.0
0.0009000000000000001,85,7,25,3,690,0,0,1,1,0.0
0.0009000000000000001,85,8,1,0,693,0,0,1,1,0.0
0.0009000000000000001,85,9,11,1,692,0,0,1,1,0.0
0.0009000000000000001,85,10,10,1,692,0,0,1,1,0.0
0.0009000000000000001,85,11,1,0,693,0,0,1,1,0.0
0.0009000000000000001,85,12,10,1,692,0,0,1,1,0.0
0.0009000000000000001,85,13,10,1,692,0,0,1,1,0.0
0.0009000000000000001,85,14,11,1,692,0,0,1,1,0.0
0.0009000000000000001,85,15,10,1,692,0,0,1,1,0.0
0.0009000000000000001,85,16,1,0,693,0,0,1,1,0.0
0.0009000000000000001,85,17,11,1,692,0,0,1,1,0.0
0.0009000000000000001,85,18,1,0,693,0,0,1,1,0.0
0.0009000000000000001,85,19,1,0,693,0,0,1,1,0.0
0.0009000000000000001,85,20,16,2,691,0,0,1,1,0.0
0.0009000000000000001,85,21,11,1,692,0,0,1,1,0.0
0.0009000000000000001,85,22,10,1,692,0,0,1,1,0.0
0.0009000000000000001,85,23,18,2,691,0,0,1,1,0.0
0.0009000000000000001,85,24,1,0,693,0,0,1,1,0.0
0.0009000000000000001,85,25,1,0,693,0,0,1,1,0.0
0.0009000000000000001,85,26,11,1,692,0,0,1,1,0.0
0.0009000000000000001,85,27,11,1,692,0,0,1,1,0.0
0.0009000000000000001,85,28,1,0,693,0,0,1,1,0.0
0.0009000000000000001,85,29,11,1,692,0,0,1,1,0.0
0.0009000000000000001,85,30,1,0,693,0,0,1,1,0.0
0.0009000000000000001,85,31,1,0,693,0,0,1,1,0.0
0.0009000000000000001,85,32,1,0,693,0,0,1,1,0.0
0.0009000000000000001,85,33,10,1,692,0,0,1,1,0.0
0.0009000000000000001,85,34,1,0,693,0,0,1,1,0.0
0.0009000000000000001,85,35,19,2,691,0,0,1,1,0.0
0.0009000000000000001,85,36,19,2,691,0,0,1,1,0.0
0.0009000000000000001,85,37,1,0,693,0,0,1,1,0.0
0.0009000000000000001,85,38,1,0,693,0,0,1,1,0.0
0.0009000000000000001,85,39,18,2,691,0,0,1,1,0.0
0.0009000000000000001,85,40,1,0,693,0,0,1,1,0.0
0.0009000000000000001,85,41,1,0,693,0,0,1,1,0.0
0.0009000000000000001,85,42,1,0,693,0,0,1,1,0.0
0.0009000000000000001,85,43,11,1,692,0,0,1,1,0.0
0.0009000000000000001,85,44,18,2,691,0,0,1,1,0.0
0.0009000000000000001,85,45,11,1,692,0,0,1,1,0.0
0.0009000000000000001,85,46,1,0,693,0,0,1,1,0.0
0.0009000000000000001,85,47,11,1,692,0,0,1,1,0.0
0.0009000000000000001,85,48,19,2,691,0,0,1,1,0.0
0.0009000000000000001,85,49,11,1,692,0,0,1,1,0.0
0.0009000000000000001,85,50,11,1,692,0,0,1,1,0.0
0.0009000000000000001,85,51,11,1,692,0,0,1,1,0.0
0.0009000000000000001,85,52,11,1,692,0,0,1,1,0.0
0.0009000000000000001,85,53,11,1,692,0,0,1,1,0.0
0.0009000000000000001,85,54,10,1,692,0,0,1,1,0.0
0.0009000000000000001,85,55,28,3,690,0,0,1,1,0.0
0.0009000000000000001,85,56,10,1,692,0,0,1,1,0.0
0.0009000000000000001,85,57,1,0,693,0,0,1,1,0.0
0.0009000000000000001,85,58,10,1,692,0,0,1,1,0.0
0.0009000000000000001,85,59,1,0,693,0,0,1,1,0.0
0.0009000000000000001,85,60,1,0,693,0,0,1,1,0.0
0.0009000000000000001,85,61,1,0,693,0,0,1,1,0.0
0.0009000000000000001,85,62,18,2,691,0,0,1,1,0.0
0.0009000000000000001,85,63,18,2,691,0,0,1,1,0.0
0.0009000000000000001,85,64,11,1,692,0,0,1,1,0.0
0.0009000000000000001,85,65,1,0,693,0,0,1,1,0.0
0.0009000000000000001,85,66,1,0,693,0,0,1,1,0.0
0.0009000000000000001,85,67,10,1,692,0,0,1,1,0.0
0.0009000000000000001,85,68,10,1,692,0,0,1,1,0.0
0.0009000000000000001,85,69,1,0,693,0,0,1,1,0.0
0.0009000000000000001,85,70,10,1,692,0,0,1,1,0.0
0.0009000000000000001,85,71,1,0,693,0,0,1,1,0.0
0.0009000000000000001,85,72,1,0,693,0,0,1,1,0.0
0.0009000000000000001,85,73,1,0,693,0,0,1,1,0.0
0.0009000000000000001,85,74,11,1,692,0,0,1,1,0.0
0.0009000000000000001,85,75,1,0,693,0,0,1,1,0.0
0.0009000000000000001,85,76,1,0,693,0,0,1,1,0.0
0.0009000000000000001,85,77,11,1,692,0,0,1,1,0.0
0.0009000000000000001,85,78,11,1,692,0,0,1,1,0.0
0.0009000000000000001,85,79,10,1,692,0,0,1,1,0.0
0.0009000000000000001,85,80,11,1,692,0,0,1,1,0.0
0.0009000000000000001,85,81,1,0,693,0,0,1,1,0.0
0.0009000000000000001,85,82,10,1,692,0,0,1,1,0.0
0.0009000000000000001,85,83,10,1,692,0,0,1,1,0.0
0.0009000000000000001,85,84,11,1,692,0,0,1,1,0.0
